id,name,value
1,Heidi,270
2,Bob,313
3,Carol,99
4,Heidi,798
5,Judy,288
6,Dave,423
7,Mallory,263
8,Judy,260
9,Trent,54
10,Carol,263
11,Eve,109
12,Carol,399
13,Ivan,442
14,Trent,153
15,Heidi,728
16,Sybil,209
17,Bob,519
18,Heidi,743
19,Bob,943
20,Olivia,953
21,Eve,701
22,Olivia,871
23,Trent,742
24,Eve,779
25,Dave,149
26,Bob,141
27,Grace,164
28,Frank,363
29,Eve,721
30,Frank,220
31,Ivan,423
32,Niaj,682
33,Sybil,977
34,Niaj,126
35,Dave,531
36,Alice,502
37,Bob,49
38,Peggy,238
39,Ivan,469
40,Dave,369
41,Olivia,448
42,Trent,481
43,Carol,954
44,Peggy,938
45,Dave,345
46,Wendy,639
47,Olivia,576
48,Victor,836
49,Mallory,684
50,Ivan,183
51,Ivan,33
52,Victor,539
53,Niaj,869
54,Wendy,230
55,Trent,429
56,Victor,157
57,Judy,652
58,Ivan,480
59,Niaj,394
60,Carol,768
61,Wendy,477
62,Grace,455
63,Heidi,929
64,Victor,588
65,Alice,580
66,Grace,572
67,Peggy,691
68,Carol,108
69,Sybil,105
70,Wendy,932
71,Dave,518
72,Victor,338
73,Trent,960
74,Trent,411
75,Mallory,846
76,Carol,114
77,Alice,689
78,Olivia,181
79,Bob,534
80,Judy,413
81,Judy,446
82,Trent,687
83,Victor,134
84,Wendy,588
85,Grace,672
86,Niaj,493
87,Victor,885
88,Wendy,966
89,Victor,63
90,Bob,795
91,Trent,495
92,Heidi,323
93,Carol,217
94,Trent,314
95,Heidi,584
96,Ivan,497
97,Mallory,239
98,Olivia,505
99,Wendy,112
100,Eve,25
101,Olivia,339
102,Eve,758
103,Victor,838
104,Niaj,794
105,Ivan,15
106,Olivia,1000
107,Wendy,183
108,Olivia,441
109,Olivia,607
110,Judy,182
111,Mallory,102
112,Judy,402
113,Alice,181
114,Grace,353
115,Grace,565
116,Peggy,646
117,Judy,17
118,Judy,204
119,Victor,271
120,Heidi,346
121,Sybil,849
122,Eve,317
123,Mallory,598
124,Ivan,297
125,Victor,578
126,Grace,350
127,Carol,319
128,Mallory,422
129,Olivia,756
130,Dave,215
131,Peggy,356
132,Wendy,483
133,Judy,111
134,Bob,603
135,Alice,846
136,Mallory,154
137,Ivan,547
138,Bob,627
139,Victor,758
140,Trent,3
141,Bob,619
142,Wendy,357
143,Judy,967
144,Trent,268
145,Niaj,687
146,Trent,734
147,Wendy,561
148,Eve,92
149,Trent,601
150,Ivan,945
151,Olivia,699
152,Carol,878
153,Judy,972
154,Niaj,735
155,Olivia,804
156,Bob,828
157,Peggy,29
158,Carol,375
159,Alice,967
160,Victor,669
161,Frank,62
162,Alice,73
163,Judy,978
164,Trent,429
165,Wendy,141
166,Carol,469
167,Victor,548
168,Grace,978
169,Niaj,308
170,Bob,235
171,Mallory,506
172,Olivia,479
173,Niaj,363
174,Bob,334
175,Bob,200
176,Heidi,925
177,Olivia,825
178,Peggy,791
179,Grace,397
180,Trent,763
181,Grace,25
182,Grace,606
183,Carol,635
184,Niaj,742
185,Bob,968
186,Grace,801
187,Ivan,335
188,Peggy,446
189,Trent,460
190,Wendy,281
191,Sybil,138
192,Victor,429
193,Frank,152
194,Victor,404
195,Wendy,552
196,Peggy,901
197,Bob,519
198,Olivia,805
199,Victor,692
200,Niaj,895
201,Bob,203
202,Ivan,936
203,Eve,530
204,Ivan,419
205,Bob,38
206,Carol,335
207,Carol,15
208,Bob,848
209,Niaj,408
210,Judy,57
211,Mallory,239
212,Sybil,1000
213,Niaj,588
214,Alice,845
215,Judy,84
216,Ivan,355
217,Judy,604
218,Heidi,956
219,Sybil,277
220,Eve,195
221,Olivia,225
222,Ivan,663
223,Sybil,954
224,Eve,564
225,Peggy,943
226,Wendy,749
227,Sybil,520
228,Peggy,249
229,Mallory,197
230,Victor,724
231,Peggy,681
232,Ivan,974
233,Victor,23
234,Carol,931
235,Olivia,662
236,Peggy,824
237,Heidi,322
238,Judy,190
239,Dave,579
240,Judy,488
241,Dave,469
242,Niaj,425
243,Alice,821
244,Olivia,980
245,Alice,97
246,Ivan,543
247,Carol,868
248,Grace,898
249,Judy,460
250,Victor,958
251,Niaj,325
252,Alice,902
253,Judy,81
254,Eve,752
255,Mallory,243
256,Olivia,292
257,Eve,527
258,Dave,71
259,Trent,873
260,Sybil,872
261,Eve,954
262,Judy,876
263,Sybil,297
264,Peggy,205
265,Judy,448
266,Peggy,957
267,Olivia,689
268,Grace,507
269,Alice,267
270,Niaj,67
271,Wendy,21
272,Wendy,951
273,Sybil,968
274,Sybil,573
275,Grace,362
276,Grace,189
277,Judy,518
278,Victor,730
279,Niaj,829
280,Eve,82
281,Niaj,200
282,Alice,899
283,Sybil,712
284,Eve,753
285,Ivan,458
286,Heidi,392
287,Mallory,180
288,Eve,695
289,Frank,278
290,Mallory,530
291,Trent,683
292,Trent,466
293,Niaj,937
294,Dave,87
295,Trent,545
296,Peggy,769
297,Judy,379
298,Ivan,826
299,Bob,463
300,Wendy,493
301,Dave,529
302,Bob,362
303,Ivan,4
304,Eve,483
305,Ivan,113
306,Heidi,892
307,Judy,462
308,Judy,114
309,Eve,841
310,Heidi,817
311,Niaj,951
312,Mallory,914
313,Judy,919
314,Wendy,239
315,Judy,225
316,Bob,133
317,Heidi,305
318,Alice,450
319,Wendy,865
320,Sybil,570
321,Eve,397
322,Niaj,305
323,Trent,246
324,Judy,398
325,Wendy,842
326,Ivan,414
327,Ivan,893
328,Victor,394
329,Heidi,38
330,Sybil,809
331,Mallory,656
332,Dave,1
333,Frank,367
334,Frank,430
335,Grace,64
336,Ivan,806
337,Mallory,234
338,Trent,602
339,Trent,559
340,Niaj,285
341,Bob,883
342,Wendy,697
343,Carol,537
344,Mallory,782
345,Olivia,105
346,Ivan,925
347,Victor,960
348,Peggy,152
349,Wendy,101
350,Olivia,852
351,Peggy,408
352,Sybil,648
353,Bob,958
354,Frank,495
355,Victor,297
356,Ivan,244
357,Victor,189
358,Grace,310
359,Bob,815
360,Trent,66
361,Niaj,825
362,Sybil,845
363,Bob,806
364,Wendy,570
365,Victor,271
366,Dave,62
367,Trent,36
368,Peggy,682
369,Trent,974
370,Frank,281
371,Judy,285
372,Olivia,585
373,Trent,880
374,Peggy,941
375,Heidi,871
376,Judy,981
377,Sybil,890
378,Trent,861
379,Victor,918
380,Bob,58
381,Bob,761
382,Alice,919
383,Trent,9
384,Mallory,510
385,Mallory,219
386,Grace,657
387,Sybil,711
388,Dave,240
389,Mallory,301
390,Alice,590
391,Wendy,772
392,Victor,420
393,Sybil,323
394,Alice,873
395,Judy,420
396,Frank,782
397,Frank,170
398,Trent,118
399,Victor,335
400,Niaj,585
401,Eve,879
402,Bob,557
403,Carol,561
404,Trent,41
405,Frank,713
406,Eve,510
407,Mallory,447
408,Sybil,721
409,Grace,814
410,Bob,366
411,Grace,682
412,Niaj,876
413,Carol,623
414,Mallory,390
415,Eve,121
416,Trent,46
417,Sybil,848
418,Trent,126
419,Ivan,297
420,Trent,293
421,Trent,516
422,Olivia,338
423,Carol,311
424,Peggy,494
425,Olivia,565
426,Olivia,877
427,Bob,19
428,Carol,254
429,Judy,297
430,Alice,495
431,Mallory,795
432,Niaj,387
433,Victor,328
434,Victor,477
435,Heidi,979
436,Eve,695
437,Olivia,841
438,Carol,96
439,Ivan,198
440,Wendy,557
441,Ivan,743
442,Mallory,395
443,Peggy,302
444,Grace,973
445,Dave,150
446,Dave,243
447,Grace,728
448,Frank,51
449,Bob,562
450,Alice,1000
451,Trent,18
452,Trent,27
453,Frank,238
454,Bob,240
455,Mallory,398
456,Trent,246
457,Heidi,190
458,Niaj,773
459,Peggy,156
460,Frank,487
461,Ivan,388
462,Frank,306
463,Bob,424
464,Niaj,417
465,Carol,745
466,Victor,92
467,Eve,137
468,Dave,80
469,Niaj,385
470,Carol,2
471,Alice,852
472,Heidi,327
473,Wendy,759
474,Carol,607
475,Alice,163
476,Olivia,194
477,Victor,106
478,Heidi,566
479,Alice,997
480,Carol,982
481,Carol,722
482,Ivan,196
483,Alice,179
484,Dave,198
485,Eve,124
486,Ivan,531
487,Victor,863
488,Alice,512
489,Judy,23
490,Sybil,232
491,Frank,673
492,Frank,36
493,Wendy,309
494,Alice,134
495,Frank,68
496,Victor,769
497,Grace,927
498,Peggy,8
499,Ivan,624
500,Dave,625
501,Grace,386
502,Sybil,293
503,Trent,784
504,Peggy,465
505,Judy,88
506,Sybil,569
507,Bob,332
508,Trent,716
509,Peggy,731
510,Frank,28
511,Frank,236
512,Carol,582
513,Victor,895
514,Grace,639
515,Mallory,812
516,Bob,472
517,Trent,527
518,Eve,392
519,Judy,472
520,Victor,832
521,Sybil,799
522,Eve,252
523,Trent,338
524,Grace,886
525,Frank,464
526,Dave,168
527,Alice,5
528,Olivia,501
529,Sybil,891
530,Ivan,448
531,Grace,119
532,Sybil,82
533,Alice,890
534,Sybil,156
535,Heidi,677
536,Frank,35
537,Judy,849
538,Bob,207
539,Niaj,699
540,Carol,446
541,Peggy,778
542,Eve,730
543,Peggy,149
544,Judy,435
545,Eve,548
546,Alice,498
547,Heidi,959
548,Grace,165
549,Carol,366
550,Peggy,694
551,Sybil,509
552,Dave,630
553,Frank,663
554,Bob,999
555,Judy,694
556,Eve,449
557,Trent,957
558,Mallory,902
559,Victor,588
560,Alice,515
561,Bob,609
562,Bob,664
563,Heidi,584
564,Ivan,130
565,Mallory,857
566,Trent,318
567,Trent,373
568,Alice,171
569,Mallory,212
570,Alice,638
571,Bob,531
572,Eve,571
573,Frank,607
574,Victor,281
575,Sybil,683
576,Wendy,454
577,Sybil,128
578,Frank,740
579,Peggy,88
580,Olivia,574
581,Niaj,203
582,Eve,142
583,Ivan,8
584,Niaj,284
585,Carol,10
586,Niaj,598
587,Mallory,764
588,Frank,143
589,Judy,869
590,Heidi,820
591,Mallory,245
592,Eve,540
593,Judy,990
594,Dave,98
595,Sybil,880
596,Mallory,380
597,Niaj,282
598,Heidi,194
599,Sybil,573
600,Alice,993
601,Ivan,751
602,Olivia,106
603,Sybil,877
604,Dave,51
605,Dave,804
606,Ivan,512
607,Frank,42
608,Grace,972
609,Sybil,986
610,Judy,709
611,Olivia,809
612,Olivia,717
613,Bob,97
614,Judy,363
615,Mallory,125
616,Carol,104
617,Mallory,373
618,Olivia,378
619,Peggy,592
620,Sybil,441
621,Mallory,836
622,Trent,234
623,Judy,234
624,Sybil,614
625,Eve,64
626,Victor,507
627,Trent,446
628,Grace,663
629,Eve,596
630,Alice,857
631,Sybil,402
632,Grace,969
633,Trent,827
634,Olivia,238
635,Mallory,497
636,Sybil,42
637,Trent,694
638,Trent,481
639,Eve,383
640,Alice,574
641,Eve,234
642,Ivan,237
643,Heidi,177
644,Bob,614
645,Bob,138
646,Olivia,468
647,Carol,925
648,Victor,889
649,Niaj,559
650,Ivan,798
651,Niaj,79
652,Judy,741
653,Judy,296
654,Olivia,831
655,Victor,758
656,Bob,856
657,Ivan,370
658,Dave,910
659,Alice,742
660,Eve,152
661,Judy,927
662,Judy,527
663,Bob,153
664,Bob,429
665,Trent,378
666,Heidi,56
667,Dave,782
668,Dave,752
669,Frank,955
670,Frank,769
671,Wendy,115
672,Dave,136
673,Ivan,32
674,Frank,401
675,Wendy,238
676,Bob,182
677,Dave,853
678,Judy,482
679,Niaj,127
680,Ivan,815
681,Olivia,457
682,Mallory,75
683,Bob,99
684,Heidi,680
685,Olivia,861
686,Heidi,570
687,Carol,129
688,Frank,826
689,Judy,209
690,Peggy,998
691,Frank,314
692,Alice,528
693,Niaj,614
694,Grace,576
695,Mallory,663
696,Alice,834
697,Frank,151
698,Ivan,845
699,Judy,512
700,Mallory,479
701,Sybil,454
702,Niaj,175
703,Carol,320
704,Alice,111
705,Ivan,211
706,Ivan,499
707,Niaj,714
708,Judy,648
709,Victor,747
710,Carol,689
711,Peggy,341
712,Victor,789
713,Wendy,503
714,Olivia,800
715,Victor,711
716,Peggy,591
717,Bob,274
718,Victor,459
719,Dave,605
720,Mallory,117
721,Dave,762
722,Dave,841
723,Trent,294
724,Niaj,409
725,Wendy,287
726,Dave,632
727,Trent,704
728,Frank,85
729,Frank,927
730,Wendy,757
731,Victor,711
732,Heidi,803
733,Peggy,485
734,Frank,393
735,Trent,645
736,Peggy,902
737,Mallory,601
738,Mallory,701
739,Peggy,138
740,Dave,188
741,Eve,967
742,Olivia,177
743,Eve,494
744,Judy,959
745,Olivia,302
746,Frank,592
747,Frank,12
748,Sybil,471
749,Judy,41
750,Frank,886
751,Wendy,615
752,Ivan,873
753,Bob,752
754,Frank,142
755,Sybil,703
756,Frank,969
757,Bob,20
758,Sybil,519
759,Niaj,177
760,Olivia,470
761,Heidi,560
762,Eve,155
763,Niaj,688
764,Bob,87
765,Peggy,727
766,Bob,843
767,Eve,512
768,Victor,413
769,Eve,831
770,Trent,480
771,Olivia,557
772,Frank,941
773,Wendy,957
774,Olivia,475
775,Olivia,746
776,Dave,847
777,Alice,641
778,Frank,559
779,Olivia,423
780,Bob,999
781,Frank,772
782,Dave,344
783,Mallory,516
784,Heidi,608
785,Victor,328
786,Dave,577
787,Alice,319
788,Trent,290
789,Carol,607
790,Peggy,539
791,Dave,45
792,Victor,259
793,Eve,522
794,Victor,448
795,Mallory,270
796,Wendy,979
797,Sybil,94
798,Victor,168
799,Frank,245
800,Wendy,794
801,Eve,579
802,Victor,979
803,Alice,746
804,Mallory,401
805,Trent,170
806,Dave,708
807,Eve,715
808,Eve,53
809,Niaj,443
810,Grace,246
811,Heidi,716
812,Wendy,61
813,Olivia,259
814,Trent,464
815,Mallory,362
816,Sybil,8
817,Frank,517
818,Ivan,388
819,Alice,882
820,Peggy,772
821,Olivia,440
822,Sybil,641
823,Peggy,878
824,Olivia,641
825,Eve,357
826,Sybil,388
827,Trent,279
828,Alice,72
829,Frank,33
830,Frank,661
831,Ivan,402
832,Mallory,685
833,Grace,798
834,Eve,748
835,Judy,145
836,Sybil,418
837,Mallory,787
838,Niaj,721
839,Heidi,394
840,Bob,686
841,Sybil,744
842,Wendy,153
843,Eve,171
844,Mallory,942
845,Trent,966
846,Wendy,165
847,Bob,541
848,Ivan,493
849,Carol,358
850,Grace,39
851,Mallory,965
852,Grace,164
853,Judy,426
854,Wendy,790
855,Niaj,431
856,Olivia,771
857,Alice,324
858,Eve,718
859,Sybil,641
860,Sybil,91
861,Eve,738
862,Eve,671
863,Peggy,447
864,Dave,902
865,Sybil,594
866,Trent,879
867,Frank,457
868,Wendy,355
869,Victor,585
870,Carol,55
871,Mallory,147
872,Wendy,921
873,Grace,543
874,Frank,521
875,Wendy,877
876,Mallory,29
877,Dave,42
878,Trent,509
879,Victor,73
880,Eve,237
881,Grace,240
882,Ivan,456
883,Eve,200
884,Grace,535
885,Trent,108
886,Peggy,205
887,Mallory,436
888,Peggy,462
889,Trent,570
890,Niaj,791
891,Olivia,944
892,Bob,604
893,Niaj,48
894,Carol,166
895,Sybil,196
896,Mallory,240
897,Mallory,104
898,Mallory,716
899,Victor,787
900,Judy,995
901,Niaj,104
902,Wendy,800
903,Mallory,89
904,Niaj,717
905,Wendy,571
906,Dave,348
907,Judy,960
908,Frank,52
909,Bob,182
910,Victor,646
911,Niaj,779
912,Wendy,706
913,Trent,610
914,Eve,878
915,Judy,366
916,Dave,324
917,Eve,747
918,Victor,285
919,Sybil,426
920,Peggy,211
921,Judy,711
922,Niaj,597
923,Frank,158
924,Ivan,907
925,Bob,536
926,Grace,925
927,Mallory,291
928,Frank,949
929,Wendy,630
930,Frank,225
931,Victor,607
932,Eve,800
933,Sybil,328
934,Wendy,980
935,Wendy,339
936,Grace,26
937,Mallory,414
938,Olivia,560
939,Grace,974
940,Judy,785
941,Heidi,929
942,Sybil,181
943,Peggy,921
944,Bob,144
945,Victor,631
946,Alice,973
947,Judy,309
948,Alice,578
949,Sybil,745
950,Heidi,33
951,Niaj,489
952,Victor,736
953,Eve,380
954,Niaj,43
955,Grace,22
956,Heidi,697
957,Peggy,7
958,Sybil,944
959,Alice,649
960,Trent,58
961,Eve,855
962,Alice,68
963,Victor,578
964,Frank,789
965,Heidi,914
966,Carol,416
967,Wendy,842
968,Dave,402
969,Dave,469
970,Eve,158
971,Victor,863
972,Ivan,346
973,Frank,397
974,Alice,83
975,Eve,900
976,Grace,99
977,Grace,31
978,Ivan,180
979,Bob,786
980,Carol,580
981,Sybil,918
982,Carol,239
983,Heidi,447
984,Niaj,972
985,Grace,904
986,Victor,804
987,Grace,718
988,Carol,159
989,Ivan,924
990,Judy,320
991,Dave,465
992,Dave,824
993,Wendy,256
994,Carol,914
995,Olivia,833
996,Frank,411
997,Frank,632
998,Eve,284
999,Frank,796
1000,Wendy,21
1001,Trent,841
1002,Judy,375
1003,Carol,917
1004,Alice,556
1005,Peggy,890
1006,Eve,146
1007,Trent,189
1008,Grace,619
1009,Mallory,61
1010,Wendy,867
1011,Mallory,941
1012,Judy,237
1013,Heidi,892
1014,Alice,329
1015,Niaj,629
1016,Judy,418
1017,Heidi,812
1018,Eve,269
1019,Dave,283
1020,Trent,39
1021,Ivan,778
1022,Grace,339
1023,Bob,502
1024,Wendy,53
1025,Peggy,602
1026,Grace,104
1027,Mallory,121
1028,Alice,512
1029,Bob,224
1030,Victor,254
1031,Victor,21
1032,Ivan,576
1033,Heidi,591
1034,Victor,448
1035,Bob,132
1036,Niaj,642
1037,Wendy,160
1038,Sybil,324
1039,Olivia,447
1040,Olivia,972
1041,Olivia,178
1042,Niaj,325
1043,Victor,610
1044,Judy,342
1045,Niaj,936
1046,Trent,805
1047,Grace,984
1048,Grace,4
1049,Judy,918
1050,Bob,386
1051,Ivan,433
1052,Frank,294
1053,Grace,866
1054,Heidi,166
1055,Peggy,798
1056,Judy,891
1057,Niaj,491
1058,Carol,187
1059,Eve,879
1060,Dave,349
1061,Victor,277
1062,Ivan,907
1063,Frank,847
1064,Frank,79
1065,Bob,374
1066,Olivia,218
1067,Trent,545
1068,Sybil,318
1069,Frank,544
1070,Bob,39
1071,Eve,528
1072,Peggy,802
1073,Judy,97
1074,Judy,685
1075,Wendy,49
1076,Mallory,622
1077,Grace,499
1078,Olivia,519
1079,Frank,631
1080,Niaj,967
1081,Niaj,795
1082,Ivan,781
1083,Alice,801
1084,Alice,176
1085,Grace,459
1086,Sybil,429
1087,Sybil,731
1088,Grace,548
1089,Olivia,263
1090,Olivia,360
1091,Grace,49
1092,Ivan,667
1093,Ivan,685
1094,Olivia,851
1095,Ivan,885
1096,Frank,626
1097,Carol,732
1098,Judy,317
1099,Olivia,630
1100,Niaj,510
1101,Eve,341
1102,Eve,610
1103,Dave,306
1104,Frank,288
1105,Olivia,488
1106,Victor,154
1107,Eve,274
1108,Bob,990
1109,Frank,194
1110,Dave,347
1111,Dave,58
1112,Grace,2
1113,Alice,323
1114,Heidi,553
1115,Eve,238
1116,Victor,71
1117,Ivan,218
1118,Judy,962
1119,Heidi,818
1120,Trent,418
1121,Eve,490
1122,Olivia,229
1123,Olivia,896
1124,Olivia,177
1125,Niaj,566
1126,Wendy,256
1127,Trent,388
1128,Trent,264
1129,Heidi,508
1130,Heidi,523
1131,Alice,496
1132,Olivia,642
1133,Alice,130
1134,Sybil,506
1135,Niaj,596
1136,Eve,191
1137,Trent,4
1138,Eve,107
1139,Bob,618
1140,Victor,489
1141,Alice,456
1142,Sybil,129
1143,Frank,392
1144,Peggy,990
1145,Alice,946
1146,Frank,228
1147,Trent,792
1148,Peggy,4
1149,Alice,889
1150,Bob,633
1151,Wendy,916
1152,Mallory,175
1153,Mallory,197
1154,Sybil,795
1155,Grace,396
1156,Dave,302
1157,Eve,974
1158,Peggy,139
1159,Judy,169
1160,Eve,977
1161,Niaj,387
1162,Olivia,783
1163,Sybil,31
1164,Dave,160
1165,Olivia,688
1166,Alice,663
1167,Judy,393
1168,Victor,277
1169,Heidi,604
1170,Sybil,993
1171,Grace,979
1172,Carol,964
1173,Grace,974
1174,Frank,18
1175,Eve,142
1176,Heidi,819
1177,Mallory,354
1178,Dave,416
1179,Mallory,440
1180,Olivia,440
1181,Wendy,248
1182,Bob,70
1183,Ivan,463
1184,Alice,77
1185,Sybil,417
1186,Eve,294
1187,Olivia,84
1188,Niaj,666
1189,Frank,42
1190,Bob,772
1191,Heidi,282
1192,Alice,30
1193,Niaj,779
1194,Dave,800
1195,Peggy,259
1196,Heidi,367
1197,Niaj,187
1198,Dave,550
1199,Olivia,121
1200,Sybil,698
1201,Ivan,319
1202,Mallory,165
1203,Alice,757
1204,Ivan,1
1205,Sybil,294
1206,Eve,846
1207,Trent,873
1208,Olivia,782
1209,Carol,771
1210,Grace,728
1211,Carol,309
1212,Wendy,442
1213,Mallory,640
1214,Olivia,353
1215,Trent,362
1216,Mallory,652
1217,Frank,388
1218,Carol,657
1219,Dave,93
1220,Dave,812
1221,Heidi,399
1222,Niaj,746
1223,Olivia,918
1224,Peggy,387
1225,Olivia,876
1226,Victor,433
1227,Carol,282
1228,Peggy,542
1229,Ivan,693
1230,Bob,811
1231,Wendy,49
1232,Ivan,574
1233,Sybil,943
1234,Grace,608
1235,Judy,634
1236,Niaj,390
1237,Dave,634
1238,Sybil,333
1239,Frank,613
1240,Eve,216
1241,Alice,988
1242,Eve,765
1243,Peggy,740
1244,Eve,723
1245,Grace,702
1246,Sybil,501
1247,Mallory,486
1248,Frank,355
1249,Heidi,872
1250,Ivan,61
1251,Frank,138
1252,Heidi,578
1253,Victor,42
1254,Sybil,837
1255,Frank,687
1256,Alice,327
1257,Wendy,869
1258,Mallory,204
1259,Sybil,356
1260,Heidi,395
1261,Bob,909
1262,Bob,147
1263,Frank,996
1264,Wendy,446
1265,Wendy,303
1266,Sybil,84
1267,Carol,21
1268,Mallory,819
1269,Victor,420
1270,Wendy,345
1271,Carol,138
1272,Dave,947
1273,Victor,946
1274,Carol,946
1275,Judy,984
1276,Wendy,67
1277,Alice,342
1278,Niaj,283
1279,Peggy,138
1280,Heidi,178
1281,Trent,466
1282,Eve,815
1283,Alice,249
1284,Bob,717
1285,Eve,916
1286,Trent,392
1287,Grace,361
1288,Olivia,991
1289,Carol,221
1290,Grace,858
1291,Mallory,290
1292,Trent,74
1293,Victor,922
1294,Ivan,609
1295,Victor,89
1296,Ivan,521
1297,Bob,661
1298,Judy,488
1299,Frank,670
1300,Wendy,785
1301,Wendy,147
1302,Victor,542
1303,Sybil,539
1304,Dave,420
1305,Niaj,930
1306,Judy,465
1307,Bob,935
1308,Bob,774
1309,Alice,566
1310,Judy,17
1311,Mallory,226
1312,Alice,707
1313,Peggy,43
1314,Peggy,21
1315,Trent,667
1316,Judy,353
1317,Eve,209
1318,Trent,482
1319,Mallory,952
1320,Wendy,68
1321,Judy,86
1322,Ivan,719
1323,Frank,537
1324,Dave,46
1325,Heidi,76
1326,Niaj,928
1327,Peggy,367
1328,Dave,864
1329,Wendy,567
1330,Judy,78
1331,Sybil,699
1332,Dave,695
1333,Victor,913
1334,Peggy,851
1335,Wendy,484
1336,Niaj,922
1337,Sybil,703
1338,Trent,945
1339,Dave,963
1340,Trent,864
1341,Carol,141
1342,Trent,343
1343,Judy,386
1344,Mallory,396
1345,Mallory,40
1346,Alice,618
1347,Wendy,830
1348,Niaj,557
1349,Trent,356
1350,Ivan,680
1351,Dave,624
1352,Frank,771
1353,Olivia,254
1354,Bob,647
1355,Sybil,56
1356,Wendy,834
1357,Bob,54
1358,Mallory,983
1359,Carol,236
1360,Heidi,5
1361,Ivan,856
1362,Frank,432
1363,Bob,707
1364,Judy,105
1365,Mallory,732
1366,Mallory,982
1367,Trent,723
1368,Sybil,976
1369,Wendy,378
1370,Dave,997
1371,Ivan,865
1372,Mallory,631
1373,Grace,70
1374,Olivia,839
1375,Alice,352
1376,Dave,1000
1377,Olivia,441
1378,Victor,163
1379,Carol,719
1380,Olivia,484
1381,Olivia,755
1382,Sybil,216
1383,Dave,120
1384,Dave,84
1385,Carol,405
1386,Wendy,908
1387,Grace,820
1388,Peggy,60
1389,Carol,686
1390,Dave,760
1391,Mallory,345
1392,Ivan,676
1393,Ivan,214
1394,Bob,873
1395,Wendy,121
1396,Eve,248
1397,Judy,708
1398,Sybil,964
1399,Frank,359
1400,Olivia,248
1401,Peggy,838
1402,Ivan,826
1403,Niaj,814
1404,Carol,345
1405,Sybil,129
1406,Judy,811
1407,Wendy,602
1408,Wendy,82
1409,Heidi,881
1410,Wendy,228
1411,Trent,367
1412,Victor,132
1413,Dave,381
1414,Dave,527
1415,Eve,936
1416,Wendy,179
1417,Trent,804
1418,Alice,652
1419,Trent,355
1420,Ivan,388
1421,Judy,65
1422,Peggy,359
1423,Sybil,389
1424,Alice,917
1425,Alice,135
1426,Trent,928
1427,Grace,555
1428,Victor,663
1429,Sybil,763
1430,Mallory,679
1431,Victor,234
1432,Mallory,199
1433,Trent,667
1434,Bob,546
1435,Eve,565
1436,Grace,735
1437,Frank,734
1438,Carol,277
1439,Judy,880
1440,Judy,853
1441,Olivia,199
1442,Heidi,982
1443,Eve,801
1444,Alice,918
1445,Frank,474
1446,Peggy,129
1447,Mallory,682
1448,Ivan,228
1449,Carol,884
1450,Bob,788
1451,Dave,479
1452,Victor,62
1453,Olivia,150
1454,Victor,574
1455,Heidi,714
1456,Heidi,615
1457,Judy,613
1458,Judy,27
1459,Trent,223
1460,Ivan,640
1461,Alice,301
1462,Mallory,401
1463,Olivia,251
1464,Wendy,821
1465,Grace,26
1466,Wendy,469
1467,Sybil,657
1468,Heidi,838
1469,Niaj,383
1470,Mallory,30
1471,Carol,603
1472,Sybil,329
1473,Niaj,5
1474,Niaj,986
1475,Dave,235
1476,Dave,559
1477,Dave,664
1478,Peggy,976
1479,Olivia,460
1480,Trent,879
1481,Eve,676
1482,Carol,704
1483,Heidi,924
1484,Alice,929
1485,Peggy,306
1486,Judy,991
1487,Victor,709
1488,Eve,947
1489,Ivan,348
1490,Sybil,594
1491,Mallory,179
1492,Alice,720
1493,Judy,281
1494,Trent,395
1495,Frank,815
1496,Alice,836
1497,Eve,487
1498,Dave,508
1499,Olivia,420
1500,Victor,463
1501,Eve,758
1502,Heidi,613
1503,Peggy,581
1504,Grace,450
1505,Wendy,211
1506,Mallory,902
1507,Heidi,791
1508,Heidi,286
1509,Victor,684
1510,Dave,169
1511,Peggy,291
1512,Peggy,284
1513,Frank,283
1514,Niaj,205
1515,Grace,816
1516,Olivia,571
1517,Judy,576
1518,Alice,715
1519,Peggy,549
1520,Olivia,655
1521,Eve,5
1522,Carol,930
1523,Wendy,964
1524,Judy,795
1525,Mallory,205
1526,Eve,405
1527,Alice,874
1528,Frank,824
1529,Sybil,99
1530,Bob,119
1531,Eve,830
1532,Alice,12
1533,Olivia,797
1534,Mallory,758
1535,Grace,644
1536,Bob,732
1537,Victor,32
1538,Dave,712
1539,Grace,428
1540,Sybil,809
1541,Mallory,48
1542,Wendy,691
1543,Grace,992
1544,Sybil,13
1545,Peggy,87
1546,Heidi,257
1547,Grace,644
1548,Judy,945
1549,Mallory,167
1550,Alice,741
1551,Sybil,217
1552,Eve,393
1553,Sybil,50
1554,Carol,140
1555,Niaj,639
1556,Frank,492
1557,Carol,412
1558,Wendy,180
1559,Victor,802
1560,Trent,256
1561,Heidi,244
1562,Alice,571
1563,Niaj,765
1564,Peggy,495
1565,Olivia,293
1566,Carol,739
1567,Carol,130
1568,Trent,552
1569,Ivan,404
1570,Trent,3
1571,Trent,816
1572,Niaj,504
1573,Heidi,924
1574,Eve,251
1575,Heidi,583
1576,Victor,896
1577,Grace,948
1578,Heidi,843
1579,Eve,711
1580,Ivan,164
1581,Olivia,272
1582,Alice,770
1583,Alice,600
1584,Wendy,294
1585,Trent,110
1586,Olivia,934
1587,Judy,824
1588,Judy,935
1589,Grace,716
1590,Carol,19
1591,Olivia,77
1592,Sybil,689
1593,Ivan,358
1594,Wendy,292
1595,Dave,833
1596,Dave,332
1597,Heidi,73
1598,Frank,442
1599,Eve,725
1600,Judy,72
1601,Judy,171
1602,Grace,381
1603,Carol,55
1604,Eve,648
1605,Dave,539
1606,Mallory,548
1607,Ivan,977
1608,Alice,577
1609,Wendy,368
1610,Olivia,856
1611,Ivan,680
1612,Mallory,14
1613,Olivia,347
1614,Trent,941
1615,Eve,499
1616,Niaj,78
1617,Judy,28
1618,Ivan,535
1619,Frank,165
1620,Alice,130
1621,Mallory,298
1622,Judy,314
1623,Mallory,680
1624,Judy,435
1625,Olivia,620
1626,Trent,55
1627,Frank,685
1628,Grace,357
1629,Sybil,118
1630,Wendy,772
1631,Alice,317
1632,Carol,387
1633,Alice,882
1634,Carol,957
1635,Trent,186
1636,Heidi,850
1637,Judy,141
1638,Grace,524
1639,Olivia,617
1640,Grace,790
1641,Trent,767
1642,Peggy,2
1643,Heidi,167
1644,Mallory,892
1645,Alice,476
1646,Peggy,219
1647,Olivia,174
1648,Eve,446
1649,Eve,609
1650,Olivia,587
1651,Frank,626
1652,Ivan,703
1653,Ivan,917
1654,Victor,784
1655,Olivia,319
1656,Trent,659
1657,Grace,378
1658,Niaj,915
1659,Victor,755
1660,Heidi,828
1661,Frank,856
1662,Judy,676
1663,Sybil,848
1664,Peggy,450
1665,Frank,8
1666,Trent,239
1667,Grace,569
1668,Alice,151
1669,Trent,171
1670,Peggy,738
1671,Grace,440
1672,Sybil,521
1673,Wendy,20
1674,Trent,559
1675,Eve,375
1676,Niaj,809
1677,Bob,127
1678,Alice,349
1679,Niaj,257
1680,Bob,21
1681,Wendy,738
1682,Judy,858
1683,Ivan,525
1684,Victor,938
1685,Mallory,687
1686,Frank,574
1687,Grace,319
1688,Olivia,764
1689,Dave,486
1690,Heidi,668
1691,Peggy,736
1692,Grace,254
1693,Olivia,501
1694,Ivan,744
1695,Grace,85
1696,Sybil,942
1697,Mallory,179
1698,Dave,12
1699,Eve,905
1700,Wendy,705
1701,Victor,690
1702,Olivia,394
1703,Trent,645
1704,Carol,623
1705,Dave,183
1706,Trent,307
1707,Dave,193
1708,Wendy,1
1709,Trent,345
1710,Peggy,326
1711,Mallory,335
1712,Heidi,932
1713,Peggy,822
1714,Grace,899
1715,Olivia,807
1716,Judy,271
1717,Wendy,712
1718,Eve,873
1719,Victor,253
1720,Olivia,78
1721,Eve,94
1722,Alice,92
1723,Victor,138
1724,Carol,146
1725,Frank,650
1726,Carol,699
1727,Eve,220
1728,Frank,67
1729,Judy,356
1730,Carol,303
1731,Wendy,511
1732,Grace,68
1733,Niaj,34
1734,Dave,492
1735,Dave,534
1736,Eve,947
1737,Grace,918
1738,Judy,735
1739,Peggy,60
1740,Judy,359
1741,Bob,148
1742,Sybil,594
1743,Eve,523
1744,Eve,619
1745,Niaj,226
1746,Victor,433
1747,Frank,129
1748,Ivan,449
1749,Niaj,585
1750,Olivia,363
1751,Peggy,626
1752,Eve,991
1753,Bob,983
1754,Peggy,272
1755,Bob,856
1756,Victor,972
1757,Carol,312
1758,Heidi,561
1759,Victor,445
1760,Wendy,114
1761,Eve,745
1762,Alice,136
1763,Heidi,184
1764,Grace,20
1765,Eve,465
1766,Olivia,875
1767,Frank,878
1768,Dave,675
1769,Victor,690
1770,Victor,361
1771,Mallory,645
1772,Frank,485
1773,Eve,655
1774,Bob,85
1775,Carol,449
1776,Niaj,938
1777,Mallory,702
1778,Heidi,802
1779,Bob,380
1780,Judy,768
1781,Olivia,574
1782,Carol,509
1783,Alice,283
1784,Dave,776
1785,Ivan,472
1786,Frank,409
1787,Niaj,596
1788,Sybil,118
1789,Mallory,883
1790,Victor,377
1791,Dave,950
1792,Victor,612
1793,Trent,839
1794,Sybil,461
1795,Bob,625
1796,Sybil,780
1797,Peggy,812
1798,Frank,522
1799,Frank,542
1800,Grace,477
1801,Sybil,963
1802,Trent,393
1803,Sybil,753
1804,Trent,899
1805,Frank,808
1806,Grace,93
1807,Wendy,971
1808,Ivan,510
1809,Eve,437
1810,Dave,979
1811,Alice,165
1812,Ivan,228
1813,Grace,561
1814,Victor,369
1815,Judy,525
1816,Trent,720
1817,Carol,123
1818,Ivan,805
1819,Olivia,850
1820,Mallory,816
1821,Grace,204
1822,Frank,647
1823,Victor,274
1824,Eve,462
1825,Grace,996
1826,Judy,31
1827,Sybil,813
1828,Olivia,891
1829,Frank,440
1830,Eve,697
1831,Wendy,633
1832,Heidi,477
1833,Bob,69
1834,Carol,149
1835,Frank,24
1836,Mallory,870
1837,Mallory,54
1838,Peggy,866
1839,Peggy,357
1840,Dave,177
1841,Grace,98
1842,Bob,450
1843,Bob,59
1844,Dave,363
1845,Victor,823
1846,Ivan,64
1847,Carol,168
1848,Wendy,843
1849,Victor,56
1850,Sybil,172
1851,Trent,474
1852,Bob,291
1853,Heidi,421
1854,Ivan,526
1855,Olivia,952
1856,Ivan,649
1857,Victor,550
1858,Judy,819
1859,Niaj,57
1860,Mallory,374
1861,Eve,265
1862,Frank,683
1863,Eve,317
1864,Peggy,775
1865,Bob,529
1866,Bob,756
1867,Niaj,936
1868,Peggy,769
1869,Judy,840
1870,Mallory,514
1871,Judy,535
1872,Eve,525
1873,Olivia,942
1874,Olivia,500
1875,Ivan,665
1876,Mallory,620
1877,Victor,259
1878,Sybil,540
1879,Bob,59
1880,Niaj,906
1881,Judy,717
1882,Niaj,23
1883,Mallory,990
1884,Carol,325
1885,Wendy,968
1886,Sybil,273
1887,Niaj,67
1888,Heidi,543
1889,Grace,83
1890,Olivia,770
1891,Alice,448
1892,Frank,434
1893,Ivan,601
1894,Sybil,758
1895,Ivan,696
1896,Niaj,136
1897,Dave,175
1898,Ivan,151
1899,Alice,119
1900,Ivan,604
1901,Grace,628
1902,Grace,809
1903,Bob,723
1904,Ivan,44
1905,Ivan,432
1906,Sybil,999
1907,Mallory,443
1908,Grace,317
1909,Wendy,124
1910,Judy,332
1911,Eve,67
1912,Peggy,419
1913,Victor,356
1914,Alice,425
1915,Trent,257
1916,Eve,792
1917,Mallory,499
1918,Olivia,321
1919,Peggy,518
1920,Olivia,400
1921,Bob,686
1922,Sybil,880
1923,Frank,11
1924,Grace,163
1925,Grace,756
1926,Niaj,326
1927,Grace,475
1928,Olivia,310
1929,Grace,809
1930,Trent,252
1931,Sybil,795
1932,Ivan,862
1933,Judy,549
1934,Dave,911
1935,Wendy,896
1936,Carol,181
1937,Grace,166
1938,Grace,466
1939,Niaj,201
1940,Eve,392
1941,Victor,815
1942,Mallory,679
1943,Frank,248
1944,Alice,165
1945,Trent,350
1946,Alice,59
1947,Victor,241
1948,Trent,382
1949,Dave,516
1950,Frank,279
1951,Bob,436
1952,Dave,337
1953,Eve,268
1954,Judy,124
1955,Peggy,76
1956,Trent,132
1957,Peggy,428
1958,Niaj,897
1959,Grace,210
1960,Carol,430
1961,Sybil,516
1962,Dave,707
1963,Trent,42
1964,Eve,424
1965,Heidi,513
1966,Alice,409
1967,Alice,611
1968,Sybil,249
1969,Alice,251
1970,Victor,618
1971,Eve,583
1972,Judy,693
1973,Alice,1000
1974,Victor,33
1975,Grace,769
1976,Frank,725
1977,Peggy,466
1978,Niaj,130
1979,Judy,329
1980,Judy,465
1981,Niaj,412
1982,Dave,986
1983,Bob,93
1984,Alice,78
1985,Olivia,884
1986,Bob,629
1987,Victor,180
1988,Olivia,774
1989,Dave,163
1990,Bob,456
1991,Heidi,869
1992,Heidi,442
1993,Carol,486
1994,Judy,943
1995,Eve,420
1996,Frank,126
1997,Mallory,671
1998,Judy,931
1999,Victor,120
2000,Grace,422
2001,Mallory,926
2002,Ivan,420
2003,Carol,817
2004,Wendy,699
2005,Wendy,985
2006,Carol,317
2007,Grace,252
2008,Trent,981
2009,Grace,95
2010,Peggy,850
2011,Bob,219
2012,Olivia,322
2013,Dave,3
2014,Olivia,962
2015,Niaj,381
2016,Olivia,421
2017,Sybil,890
2018,Frank,935
2019,Frank,559
2020,Sybil,174
2021,Mallory,428
2022,Alice,893
2023,Olivia,849
2024,Mallory,498
2025,Olivia,174
2026,Niaj,706
2027,Mallory,924
2028,Wendy,210
2029,Peggy,426
2030,Heidi,812
2031,Ivan,423
2032,Frank,320
2033,Peggy,77
2034,Mallory,581
2035,Victor,510
2036,Ivan,415
2037,Dave,354
2038,Dave,551
2039,Judy,539
2040,Sybil,642
2041,Peggy,942
2042,Judy,34
2043,Ivan,148
2044,Grace,686
2045,Alice,424
2046,Niaj,579
2047,Alice,823
2048,Olivia,995
2049,Wendy,540
2050,Mallory,973
2051,Niaj,792
2052,Peggy,814
2053,Grace,358
2054,Grace,284
2055,Sybil,203
2056,Frank,749
2057,Peggy,264
2058,Heidi,839
2059,Alice,492
2060,Carol,784
2061,Wendy,40
2062,Dave,784
2063,Peggy,331
2064,Sybil,469
2065,Niaj,923
2066,Olivia,748
2067,Ivan,877
2068,Dave,624
2069,Eve,238
2070,Victor,457
2071,Eve,302
2072,Trent,172
2073,Olivia,915
2074,Sybil,33
2075,Victor,711
2076,Carol,107
2077,Grace,149
2078,Niaj,439
2079,Bob,964
2080,Olivia,859
2081,Judy,194
2082,Carol,191
2083,Sybil,456
2084,Wendy,104
2085,Dave,238
2086,Frank,80
2087,Bob,839
2088,Ivan,100
2089,Trent,177
2090,Dave,470
2091,Olivia,228
2092,Mallory,276
2093,Niaj,680
2094,Trent,226
2095,Victor,503
2096,Olivia,853
2097,Frank,886
2098,Sybil,763
2099,Grace,269
2100,Grace,149
2101,Judy,724
2102,Peggy,327
2103,Victor,414
2104,Alice,273
2105,Judy,846
2106,Frank,297
2107,Frank,780
2108,Niaj,52
2109,Eve,764
2110,Mallory,304
2111,Heidi,502
2112,Judy,462
2113,Dave,740
2114,Peggy,626
2115,Wendy,790
2116,Heidi,239
2117,Dave,153
2118,Sybil,612
2119,Peggy,468
2120,Judy,883
2121,Peggy,58
2122,Ivan,191
2123,Heidi,466
2124,Judy,46
2125,Bob,806
2126,Eve,723
2127,Mallory,134
2128,Grace,886
2129,Judy,389
2130,Peggy,92
2131,Carol,871
2132,Peggy,887
2133,Judy,864
2134,Trent,459
2135,Trent,463
2136,Sybil,610
2137,Eve,724
2138,Grace,39
2139,Dave,601
2140,Grace,402
2141,Olivia,56
2142,Bob,974
2143,Dave,469
2144,Bob,923
2145,Peggy,746
2146,Ivan,629
2147,Dave,349
2148,Eve,264
2149,Trent,814
2150,Judy,288
2151,Dave,780
2152,Dave,362
2153,Eve,318
2154,Sybil,41
2155,Olivia,999
2156,Eve,170
2157,Niaj,384
2158,Peggy,811
2159,Sybil,345
2160,Alice,934
2161,Judy,221
2162,Carol,987
2163,Judy,671
2164,Eve,664
2165,Grace,8
2166,Eve,321
2167,Olivia,172
2168,Carol,587
2169,Ivan,29
2170,Carol,769
2171,Grace,95
2172,Carol,211
2173,Mallory,122
2174,Judy,508
2175,Grace,997
2176,Eve,481
2177,Heidi,22
2178,Wendy,169
2179,Trent,925
2180,Alice,141
2181,Judy,981
2182,Heidi,632
2183,Victor,231
2184,Trent,535
2185,Mallory,626
2186,Niaj,505
2187,Carol,261
2188,Judy,628
2189,Eve,961
2190,Alice,995
2191,Frank,194
2192,Niaj,953
2193,Mallory,743
2194,Judy,513
2195,Victor,684
2196,Sybil,779
2197,Eve,779
2198,Niaj,458
2199,Peggy,432
2200,Sybil,985
2201,Alice,270
2202,Alice,581
2203,Frank,558
2204,Frank,792
2205,Niaj,269
2206,Ivan,601
2207,Peggy,58
2208,Trent,323
2209,Sybil,512
2210,Victor,352
2211,Alice,477
2212,Wendy,77
2213,Frank,848
2214,Grace,771
2215,Olivia,161
2216,Carol,791
2217,Peggy,830
2218,Victor,642
2219,Victor,500
2220,Niaj,360
2221,Mallory,259
2222,Grace,493
2223,Niaj,370
2224,Grace,374
2225,Olivia,328
2226,Wendy,849
2227,Carol,561
2228,Sybil,537
2229,Ivan,376
2230,Trent,185
2231,Carol,558
2232,Carol,937
2233,Trent,881
2234,Wendy,805
2235,Alice,962
2236,Frank,181
2237,Victor,191
2238,Eve,741
2239,Peggy,309
2240,Alice,309
2241,Eve,286
2242,Ivan,980
2243,Sybil,420
2244,Trent,444
2245,Sybil,41
2246,Peggy,973
2247,Eve,789
2248,Ivan,789
2249,Alice,394
2250,Olivia,475
2251,Sybil,920
2252,Heidi,391
2253,Heidi,872
2254,Wendy,281
2255,Bob,617
2256,Trent,389
2257,Trent,97
2258,Eve,658
2259,Carol,430
2260,Carol,958
2261,Sybil,456
2262,Peggy,786
2263,Eve,813
2264,Carol,897
2265,Olivia,556
2266,Peggy,405
2267,Carol,325
2268,Judy,154
2269,Sybil,310
2270,Alice,9
2271,Wendy,592
2272,Frank,969
2273,Judy,869
2274,Ivan,712
2275,Judy,14
2276,Victor,363
2277,Alice,615
2278,Sybil,519
2279,Alice,748
2280,Trent,622
2281,Heidi,584
2282,Peggy,235
2283,Alice,905
2284,Eve,852
2285,Eve,301
2286,Alice,102
2287,Peggy,915
2288,Dave,773
2289,Wendy,942
2290,Dave,635
2291,Alice,793
2292,Ivan,620
2293,Dave,317
2294,Olivia,452
2295,Alice,932
2296,Eve,275
2297,Peggy,554
2298,Mallory,420
2299,Bob,388
2300,Alice,691
2301,Judy,508
2302,Heidi,468
2303,Grace,628
2304,Sybil,373
2305,Olivia,616
2306,Trent,360
2307,Sybil,261
2308,Judy,589
2309,Carol,219
2310,Wendy,856
2311,Sybil,236
2312,Wendy,309
2313,Dave,180
2314,Olivia,423
2315,Dave,542
2316,Victor,876
2317,Victor,347
2318,Carol,260
2319,Niaj,791
2320,Eve,856
2321,Eve,987
2322,Bob,496
2323,Heidi,530
2324,Carol,759
2325,Eve,782
2326,Dave,266
2327,Sybil,931
2328,Sybil,284
2329,Carol,422
2330,Wendy,336
2331,Heidi,884
2332,Carol,257
2333,Ivan,107
2334,Alice,648
2335,Frank,798
2336,Grace,489
2337,Bob,237
2338,Olivia,220
2339,Eve,132
2340,Alice,564
2341,Olivia,400
2342,Alice,556
2343,Bob,727
2344,Peggy,248
2345,Heidi,517
2346,Alice,79
2347,Alice,378
2348,Frank,604
2349,Olivia,748
2350,Frank,698
2351,Carol,890
2352,Frank,46
2353,Judy,634
2354,Alice,797
2355,Eve,224
2356,Alice,471
2357,Heidi,303
2358,Trent,217
2359,Victor,630
2360,Sybil,469
2361,Grace,994
2362,Dave,973
2363,Sybil,255
2364,Trent,922
2365,Dave,892
2366,Eve,893
2367,Carol,515
2368,Dave,70
2369,Victor,650
2370,Ivan,677
2371,Sybil,348
2372,Mallory,456
2373,Heidi,104
2374,Victor,928
2375,Judy,59
2376,Victor,238
2377,Carol,369
2378,Sybil,835
2379,Eve,457
2380,Grace,407
2381,Trent,442
2382,Ivan,755
2383,Frank,391
2384,Eve,16
2385,Wendy,342
2386,Trent,377
2387,Alice,931
2388,Victor,860
2389,Peggy,146
2390,Heidi,395
2391,Dave,542
2392,Mallory,320
2393,Judy,669
2394,Heidi,411
2395,Grace,965
2396,Ivan,783
2397,Olivia,183
2398,Niaj,270
2399,Peggy,72
2400,Alice,139
2401,Peggy,169
2402,Grace,136
2403,Mallory,90
2404,Wendy,683
2405,Alice,945
2406,Victor,931
2407,Mallory,543
2408,Mallory,333
2409,Mallory,698
2410,Grace,699
2411,Wendy,588
2412,Judy,632
2413,Sybil,651
2414,Peggy,519
2415,Grace,224
2416,Eve,202
2417,Carol,319
2418,Victor,828
2419,Niaj,179
2420,Wendy,531
2421,Mallory,577
2422,Olivia,766
2423,Victor,311
2424,Eve,565
2425,Eve,614
2426,Trent,772
2427,Carol,903
2428,Victor,692
2429,Victor,348
2430,Alice,941
2431,Carol,915
2432,Heidi,646
2433,Wendy,560
2434,Sybil,841
2435,Olivia,660
2436,Olivia,400
2437,Sybil,37
2438,Mallory,78
2439,Wendy,803
2440,Dave,309
2441,Carol,599
2442,Victor,462
2443,Eve,802
2444,Eve,208
2445,Trent,235
2446,Grace,799
2447,Ivan,199
2448,Grace,424
2449,Mallory,562
2450,Frank,925
2451,Peggy,970
2452,Ivan,154
2453,Dave,165
2454,Trent,562
2455,Niaj,448
2456,Eve,502
2457,Dave,91
2458,Heidi,162
2459,Peggy,560
2460,Wendy,447
2461,Niaj,860
2462,Olivia,219
2463,Eve,317
2464,Mallory,850
2465,Sybil,28
2466,Ivan,221
2467,Judy,252
2468,Judy,428
2469,Eve,566
2470,Sybil,395
2471,Bob,456
2472,Bob,568
2473,Carol,609
2474,Olivia,386
2475,Frank,106
2476,Sybil,663
2477,Olivia,122
2478,Niaj,56
2479,Dave,713
2480,Grace,862
2481,Mallory,901
2482,Judy,120
2483,Alice,315
2484,Olivia,803
2485,Niaj,683
2486,Carol,865
2487,Olivia,197
2488,Olivia,992
2489,Judy,37
2490,Peggy,389
2491,Victor,43
2492,Judy,557
2493,Sybil,74
2494,Judy,339
2495,Olivia,109
2496,Eve,978
2497,Grace,359
2498,Frank,561
2499,Alice,7
2500,Dave,214
2501,Wendy,582
2502,Frank,253
2503,Eve,76
2504,Sybil,340
2505,Heidi,519
2506,Sybil,294
2507,Eve,602
2508,Olivia,627
2509,Dave,687
2510,Bob,319
2511,Niaj,386
2512,Heidi,220
2513,Carol,671
2514,Olivia,804
2515,Mallory,34
2516,Niaj,507
2517,Olivia,375
2518,Mallory,582
2519,Trent,68
2520,Frank,737
2521,Heidi,89
2522,Niaj,937
2523,Mallory,138
2524,Judy,985
2525,Bob,898
2526,Olivia,697
2527,Frank,889
2528,Eve,482
2529,Niaj,769
2530,Dave,760
2531,Victor,762
2532,Ivan,615
2533,Eve,108
2534,Grace,144
2535,Mallory,287
2536,Victor,782
2537,Victor,835
2538,Trent,518
2539,Dave,284
2540,Trent,595
2541,Judy,610
2542,Grace,621
2543,Wendy,848
2544,Ivan,242
2545,Wendy,86
2546,Sybil,943
2547,Grace,72
2548,Trent,45
2549,Trent,138
2550,Alice,854
2551,Trent,733
2552,Frank,114
2553,Dave,692
2554,Niaj,522
2555,Olivia,876
2556,Bob,292
2557,Frank,168
2558,Dave,282
2559,Eve,679
2560,Eve,341
2561,Mallory,250
2562,Ivan,767
2563,Bob,257
2564,Peggy,228
2565,Ivan,769
2566,Ivan,721
2567,Grace,197
2568,Judy,734
2569,Dave,137
2570,Grace,743
2571,Judy,235
2572,Victor,886
2573,Carol,676
2574,Peggy,432
2575,Trent,289
2576,Heidi,785
2577,Niaj,223
2578,Sybil,490
2579,Heidi,197
2580,Victor,728
2581,Bob,606
2582,Trent,183
2583,Dave,997
2584,Dave,495
2585,Mallory,155
2586,Alice,432
2587,Alice,838
2588,Carol,211
2589,Grace,743
2590,Niaj,278
2591,Mallory,346
2592,Peggy,394
2593,Victor,757
2594,Sybil,783
2595,Olivia,587
2596,Frank,743
2597,Frank,485
2598,Wendy,884
2599,Bob,516
2600,Wendy,663
2601,Judy,966
2602,Heidi,300
2603,Victor,964
2604,Frank,32
2605,Niaj,831
2606,Peggy,100
2607,Dave,780
2608,Dave,901
2609,Trent,643
2610,Trent,531
2611,Ivan,729
2612,Carol,641
2613,Ivan,409
2614,Grace,872
2615,Frank,421
2616,Mallory,531
2617,Eve,991
2618,Judy,91
2619,Heidi,603
2620,Eve,558
2621,Trent,299
2622,Niaj,840
2623,Olivia,18
2624,Bob,456
2625,Carol,97
2626,Eve,125
2627,Mallory,664
2628,Trent,603
2629,Bob,713
2630,Frank,914
2631,Ivan,396
2632,Victor,999
2633,Mallory,390
2634,Peggy,369
2635,Dave,985
2636,Dave,220
2637,Judy,460
2638,Grace,620
2639,Trent,762
2640,Sybil,605
2641,Peggy,997
2642,Heidi,715
2643,Alice,842
2644,Carol,518
2645,Olivia,131
2646,Trent,882
2647,Peggy,862
2648,Trent,630
2649,Niaj,982
2650,Trent,456
2651,Dave,345
2652,Wendy,726
2653,Trent,750
2654,Grace,466
2655,Heidi,636
2656,Peggy,263
2657,Trent,747
2658,Olivia,511
2659,Niaj,64
2660,Wendy,915
2661,Victor,745
2662,Grace,340
2663,Eve,539
2664,Dave,159
2665,Ivan,974
2666,Heidi,262
2667,Ivan,633
2668,Niaj,424
2669,Eve,517
2670,Peggy,188
2671,Victor,820
2672,Frank,140
2673,Olivia,651
2674,Carol,612
2675,Frank,66
2676,Alice,976
2677,Dave,576
2678,Dave,970
2679,Peggy,418
2680,Frank,792
2681,Bob,634
2682,Frank,906
2683,Trent,606
2684,Dave,59
2685,Heidi,261
2686,Dave,888
2687,Bob,286
2688,Niaj,69
2689,Victor,243
2690,Grace,900
2691,Grace,545
2692,Victor,969
2693,Dave,910
2694,Frank,51
2695,Trent,309
2696,Ivan,737
2697,Bob,91
2698,Trent,182
2699,Trent,440
2700,Olivia,681
2701,Alice,826
2702,Niaj,699
2703,Eve,856
2704,Alice,195
2705,Olivia,861
2706,Dave,710
2707,Bob,942
2708,Alice,423
2709,Ivan,272
2710,Eve,34
2711,Heidi,796
2712,Wendy,889
2713,Victor,178
2714,Ivan,247
2715,Eve,47
2716,Peggy,64
2717,Carol,209
2718,Mallory,295
2719,Bob,481
2720,Alice,164
2721,Grace,63
2722,Peggy,670
2723,Dave,84
2724,Heidi,709
2725,Eve,268
2726,Niaj,291
2727,Niaj,195
2728,Carol,234
2729,Bob,443
2730,Eve,207
2731,Bob,665
2732,Victor,314
2733,Judy,911
2734,Frank,207
2735,Trent,313
2736,Alice,881
2737,Grace,667
2738,Carol,786
2739,Bob,350
2740,Olivia,363
2741,Eve,341
2742,Olivia,162
2743,Peggy,579
2744,Dave,619
2745,Alice,410
2746,Alice,336
2747,Victor,563
2748,Peggy,738
2749,Victor,609
2750,Olivia,145
2751,Sybil,849
2752,Grace,961
2753,Dave,52
2754,Judy,459
2755,Carol,706
2756,Heidi,310
2757,Ivan,186
2758,Heidi,807
2759,Mallory,269
2760,Peggy,441
2761,Peggy,249
2762,Peggy,757
2763,Trent,305
2764,Niaj,599
2765,Judy,690
2766,Victor,675
2767,Peggy,476
2768,Alice,412
2769,Dave,634
2770,Carol,526
2771,Dave,666
2772,Bob,186
2773,Olivia,105
2774,Carol,310
2775,Olivia,779
2776,Niaj,31
2777,Heidi,714
2778,Grace,713
2779,Judy,62
2780,Sybil,669
2781,Sybil,957
2782,Niaj,421
2783,Alice,761
2784,Eve,650
2785,Niaj,863
2786,Victor,378
2787,Sybil,288
2788,Trent,607
2789,Peggy,297
2790,Niaj,961
2791,Frank,485
2792,Heidi,203
2793,Olivia,327
2794,Trent,792
2795,Victor,392
2796,Mallory,751
2797,Niaj,550
2798,Judy,87
2799,Dave,852
2800,Frank,213
2801,Trent,938
2802,Peggy,520
2803,Dave,447
2804,Carol,422
2805,Judy,736
2806,Eve,831
2807,Bob,61
2808,Bob,793
2809,Grace,312
2810,Olivia,211
2811,Alice,56
2812,Grace,611
2813,Trent,184
2814,Olivia,35
2815,Dave,638
2816,Olivia,691
2817,Ivan,299
2818,Victor,528
2819,Grace,4
2820,Frank,837
2821,Grace,150
2822,Olivia,892
2823,Bob,416
2824,Frank,327
2825,Wendy,256
2826,Eve,396
2827,Sybil,528
2828,Mallory,117
2829,Heidi,245
2830,Bob,528
2831,Carol,490
2832,Carol,957
2833,Bob,114
2834,Carol,578
2835,Victor,280
2836,Olivia,979
2837,Heidi,621
2838,Alice,273
2839,Olivia,751
2840,Sybil,973
2841,Grace,365
2842,Trent,576
2843,Grace,484
2844,Niaj,111
2845,Niaj,816
2846,Ivan,450
2847,Frank,878
2848,Niaj,443
2849,Heidi,178
2850,Grace,201
2851,Peggy,749
2852,Wendy,893
2853,Carol,144
2854,Olivia,904
2855,Carol,296
2856,Ivan,547
2857,Wendy,169
2858,Ivan,17
2859,Frank,118
2860,Alice,791
2861,Sybil,41
2862,Olivia,796
2863,Peggy,485
2864,Trent,114
2865,Olivia,748
2866,Eve,599
2867,Trent,867
2868,Judy,59
2869,Niaj,163
2870,Trent,840
2871,Carol,938
2872,Mallory,876
2873,Mallory,807
2874,Alice,848
2875,Sybil,729
2876,Alice,872
2877,Bob,355
2878,Bob,651
2879,Victor,105
2880,Grace,252
2881,Frank,257
2882,Wendy,834
2883,Mallory,473
2884,Bob,774
2885,Olivia,682
2886,Alice,710
2887,Niaj,227
2888,Alice,770
2889,Judy,883
2890,Niaj,341
2891,Ivan,316
2892,Eve,639
2893,Dave,628
2894,Heidi,423
2895,Heidi,900
2896,Wendy,59
2897,Grace,950
2898,Olivia,300
2899,Victor,945
2900,Victor,632
2901,Bob,365
2902,Bob,123
2903,Heidi,451
2904,Victor,746
2905,Trent,207
2906,Judy,620
2907,Sybil,939
2908,Peggy,431
2909,Sybil,777
2910,Sybil,217
2911,Carol,14
2912,Mallory,608
2913,Carol,903
2914,Olivia,307
2915,Mallory,766
2916,Heidi,962
2917,Sybil,525
2918,Ivan,280
2919,Sybil,420
2920,Peggy,662
2921,Alice,650
2922,Wendy,408
2923,Ivan,89
2924,Bob,181
2925,Peggy,115
2926,Frank,454
2927,Dave,303
2928,Frank,641
2929,Judy,949
2930,Carol,7
2931,Dave,79
2932,Carol,587
2933,Heidi,745
2934,Victor,746
2935,Peggy,523
2936,Heidi,965
2937,Heidi,912
2938,Dave,874
2939,Eve,210
2940,Heidi,335
2941,Olivia,254
2942,Victor,679
2943,Niaj,94
2944,Trent,389
2945,Bob,487
2946,Victor,454
2947,Bob,176
2948,Grace,800
2949,Judy,239
2950,Alice,630
2951,Trent,761
2952,Trent,669
2953,Grace,564
2954,Mallory,112
2955,Ivan,352
2956,Heidi,829
2957,Trent,192
2958,Frank,234
2959,Bob,557
2960,Alice,290
2961,Eve,185
2962,Wendy,245
2963,Trent,631
2964,Ivan,254
2965,Trent,564
2966,Peggy,238
2967,Trent,36
2968,Heidi,454
2969,Alice,997
2970,Alice,912
2971,Wendy,727
2972,Judy,5
2973,Wendy,289
2974,Wendy,875
2975,Alice,724
2976,Eve,483
2977,Wendy,198
2978,Eve,877
2979,Mallory,435
2980,Ivan,818
2981,Sybil,529
2982,Frank,154
2983,Niaj,186
2984,Alice,869
2985,Dave,985
2986,Grace,966
2987,Niaj,727
2988,Grace,487
2989,Dave,968
2990,Alice,84
2991,Eve,706
2992,Frank,700
2993,Frank,124
2994,Judy,134
2995,Frank,900
2996,Frank,591
2997,Carol,470
2998,Sybil,152
2999,Ivan,762
3000,Eve,833
3001,Heidi,462
3002,Bob,22
3003,Carol,771
3004,Sybil,466
3005,Niaj,661
3006,Victor,261
3007,Carol,10
3008,Eve,571
3009,Wendy,706
3010,Eve,476
3011,Bob,31
3012,Carol,819
3013,Eve,233
3014,Trent,959
3015,Judy,515
3016,Sybil,584
3017,Wendy,206
3018,Bob,576
3019,Alice,391
3020,Alice,858
3021,Carol,55
3022,Frank,871
3023,Carol,768
3024,Grace,114
3025,Eve,41
3026,Judy,411
3027,Carol,333
3028,Mallory,692
3029,Trent,924
3030,Dave,391
3031,Wendy,42
3032,Heidi,882
3033,Frank,906
3034,Niaj,962
3035,Wendy,979
3036,Niaj,10
3037,Olivia,548
3038,Wendy,359
3039,Heidi,385
3040,Grace,819
3041,Heidi,340
3042,Grace,410
3043,Olivia,641
3044,Ivan,767
3045,Carol,450
3046,Grace,428
3047,Alice,340
3048,Judy,561
3049,Trent,335
3050,Sybil,667
3051,Frank,682
3052,Trent,804
3053,Sybil,702
3054,Alice,654
3055,Eve,184
3056,Eve,536
3057,Peggy,246
3058,Ivan,238
3059,Peggy,398
3060,Judy,78
3061,Olivia,890
3062,Grace,735
3063,Mallory,14
3064,Sybil,224
3065,Niaj,844
3066,Niaj,139
3067,Alice,492
3068,Heidi,578
3069,Victor,1000
3070,Heidi,161
3071,Ivan,212
3072,Sybil,809
3073,Bob,649
3074,Bob,35
3075,Bob,770
3076,Eve,631
3077,Peggy,867
3078,Sybil,860
3079,Wendy,98
3080,Olivia,722
3081,Mallory,15
3082,Niaj,149
3083,Frank,789
3084,Sybil,924
3085,Mallory,537
3086,Alice,965
3087,Olivia,892
3088,Niaj,295
3089,Carol,188
3090,Frank,690
3091,Judy,923
3092,Ivan,807
3093,Bob,429
3094,Mallory,567
3095,Olivia,791
3096,Heidi,957
3097,Alice,585
3098,Grace,820
3099,Peggy,934
3100,Grace,350
3101,Mallory,623
3102,Eve,319
3103,Heidi,450
3104,Alice,993
3105,Alice,408
3106,Peggy,307
3107,Trent,982
3108,Mallory,56
3109,Ivan,204
3110,Bob,734
3111,Victor,472
3112,Sybil,400
3113,Judy,498
3114,Eve,315
3115,Wendy,500
3116,Sybil,198
3117,Victor,620
3118,Ivan,40
3119,Victor,849
3120,Trent,840
3121,Frank,275
3122,Bob,50
3123,Alice,298
3124,Dave,928
3125,Eve,909
3126,Sybil,964
3127,Victor,912
3128,Wendy,391
3129,Olivia,269
3130,Alice,740
3131,Peggy,834
3132,Judy,489
3133,Eve,303
3134,Judy,301
3135,Grace,667
3136,Peggy,874
3137,Grace,114
3138,Eve,704
3139,Judy,852
3140,Niaj,442
3141,Victor,921
3142,Bob,465
3143,Dave,590
3144,Wendy,841
3145,Alice,692
3146,Carol,214
3147,Carol,43
3148,Trent,906
3149,Ivan,123
3150,Judy,967
3151,Grace,793
3152,Wendy,263
3153,Alice,531
3154,Mallory,916
3155,Mallory,416
3156,Judy,854
3157,Dave,774
3158,Grace,148
3159,Alice,921
3160,Wendy,61
3161,Dave,460
3162,Niaj,943
3163,Niaj,638
3164,Victor,849
3165,Heidi,237
3166,Carol,426
3167,Frank,1000
3168,Olivia,216
3169,Wendy,563
3170,Sybil,543
3171,Judy,60
3172,Peggy,895
3173,Niaj,430
3174,Niaj,327
3175,Eve,920
3176,Peggy,574
3177,Alice,290
3178,Frank,119
3179,Bob,601
3180,Niaj,239
3181,Grace,46
3182,Wendy,402
3183,Olivia,195
3184,Grace,395
3185,Bob,251
3186,Mallory,556
3187,Trent,626
3188,Niaj,837
3189,Eve,821
3190,Ivan,697
3191,Ivan,98
3192,Judy,734
3193,Heidi,89
3194,Carol,680
3195,Victor,742
3196,Bob,575
3197,Frank,467
3198,Peggy,498
3199,Alice,79
3200,Victor,418
3201,Ivan,746
3202,Olivia,194
3203,Wendy,815
3204,Judy,884
3205,Trent,682
3206,Judy,75
3207,Grace,168
3208,Judy,12
3209,Niaj,522
3210,Olivia,189
3211,Sybil,742
3212,Judy,888
3213,Alice,333
3214,Grace,489
3215,Mallory,103
3216,Eve,497
3217,Sybil,446
3218,Heidi,887
3219,Heidi,980
3220,Ivan,461
3221,Bob,347
3222,Heidi,811
3223,Ivan,452
3224,Judy,964
3225,Victor,403
3226,Mallory,121
3227,Judy,606
3228,Judy,490
3229,Carol,909
3230,Olivia,80
3231,Dave,851
3232,Ivan,978
3233,Heidi,820
3234,Eve,240
3235,Niaj,657
3236,Grace,716
3237,Grace,21
3238,Dave,565
3239,Grace,362
3240,Bob,373
3241,Alice,306
3242,Wendy,736
3243,Peggy,431
3244,Carol,677
3245,Frank,706
3246,Bob,499
3247,Victor,247
3248,Trent,532
3249,Carol,851
3250,Eve,56
3251,Frank,966
3252,Grace,411
3253,Frank,197
3254,Heidi,551
3255,Judy,196
3256,Sybil,714
3257,Mallory,898
3258,Peggy,426
3259,Sybil,92
3260,Dave,950
3261,Ivan,288
3262,Eve,877
3263,Victor,527
3264,Victor,186
3265,Grace,811
3266,Alice,280
3267,Mallory,661
3268,Wendy,655
3269,Eve,516
3270,Niaj,895
3271,Ivan,506
3272,Eve,137
3273,Peggy,736
3274,Bob,251
3275,Frank,514
3276,Ivan,212
3277,Alice,563
3278,Carol,269
3279,Heidi,46
3280,Grace,406
3281,Eve,687
3282,Trent,423
3283,Carol,2
3284,Heidi,865
3285,Niaj,857
3286,Ivan,162
3287,Alice,874
3288,Frank,276
3289,Trent,671
3290,Judy,59
3291,Wendy,729
3292,Carol,581
3293,Olivia,698
3294,Carol,31
3295,Trent,210
3296,Alice,123
3297,Peggy,276
3298,Mallory,37
3299,Grace,839
3300,Peggy,235
3301,Niaj,165
3302,Peggy,314
3303,Alice,925
3304,Victor,771
3305,Dave,218
3306,Victor,193
3307,Trent,578
3308,Peggy,524
3309,Heidi,103
3310,Bob,354
3311,Judy,417
3312,Olivia,729
3313,Ivan,931
3314,Heidi,621
3315,Frank,419
3316,Bob,933
3317,Judy,703
3318,Eve,163
3319,Mallory,570
3320,Sybil,24
3321,Trent,667
3322,Eve,923
3323,Trent,811
3324,Judy,283
3325,Niaj,925
3326,Olivia,343
3327,Alice,879
3328,Judy,401
3329,Frank,234
3330,Ivan,148
3331,Carol,139
3332,Victor,870
3333,Carol,189
3334,Peggy,702
3335,Heidi,278
3336,Bob,449
3337,Trent,999
3338,Grace,170
3339,Dave,753
3340,Niaj,243
3341,Carol,663
3342,Ivan,769
3343,Wendy,290
3344,Carol,115
3345,Niaj,304
3346,Peggy,431
3347,Eve,370
3348,Olivia,920
3349,Heidi,165
3350,Carol,73
3351,Carol,496
3352,Victor,379
3353,Frank,711
3354,Olivia,222
3355,Sybil,253
3356,Heidi,345
3357,Peggy,216
3358,Mallory,558
3359,Peggy,305
3360,Judy,251
3361,Mallory,503
3362,Heidi,284
3363,Judy,988
3364,Mallory,534
3365,Judy,210
3366,Sybil,173
3367,Dave,95
3368,Heidi,367
3369,Alice,54
3370,Bob,845
3371,Trent,98
3372,Bob,745
3373,Frank,732
3374,Judy,592
3375,Trent,949
3376,Sybil,75
3377,Grace,624
3378,Ivan,173
3379,Frank,378
3380,Alice,679
3381,Frank,761
3382,Wendy,635
3383,Peggy,988
3384,Trent,472
3385,Niaj,394
3386,Niaj,536
3387,Judy,8
3388,Dave,422
3389,Victor,587
3390,Judy,620
3391,Victor,935
3392,Sybil,562
3393,Heidi,964
3394,Heidi,972
3395,Bob,853
3396,Victor,664
3397,Niaj,920
3398,Olivia,334
3399,Alice,676
3400,Sybil,316
3401,Judy,860
3402,Judy,83
3403,Olivia,71
3404,Trent,490
3405,Trent,758
3406,Olivia,975
3407,Olivia,383
3408,Dave,135
3409,Trent,651
3410,Dave,136
3411,Grace,803
3412,Trent,108
3413,Judy,447
3414,Dave,532
3415,Wendy,195
3416,Olivia,317
3417,Sybil,637
3418,Ivan,433
3419,Victor,223
3420,Victor,478
3421,Alice,297
3422,Sybil,328
3423,Judy,134
3424,Frank,762
3425,Eve,628
3426,Grace,12
3427,Mallory,675
3428,Sybil,157
3429,Victor,63
3430,Peggy,330
3431,Mallory,674
3432,Mallory,749
3433,Peggy,908
3434,Victor,395
3435,Niaj,763
3436,Wendy,197
3437,Victor,483
3438,Judy,392
3439,Victor,116
3440,Wendy,785
3441,Carol,903
3442,Carol,141
3443,Sybil,2
3444,Sybil,531
3445,Grace,724
3446,Dave,71
3447,Sybil,975
3448,Frank,638
3449,Olivia,522
3450,Trent,316
3451,Grace,41
3452,Sybil,703
3453,Trent,101
3454,Mallory,306
3455,Ivan,924
3456,Grace,643
3457,Victor,140
3458,Niaj,108
3459,Dave,548
3460,Sybil,361
3461,Alice,235
3462,Grace,875
3463,Eve,118
3464,Frank,587
3465,Frank,611
3466,Ivan,415
3467,Mallory,810
3468,Victor,877
3469,Eve,220
3470,Niaj,646
3471,Bob,589
3472,Wendy,258
3473,Bob,730
3474,Peggy,943
3475,Carol,543
3476,Niaj,116
3477,Frank,514
3478,Trent,857
3479,Mallory,491
3480,Judy,723
3481,Wendy,729
3482,Judy,883
3483,Trent,733
3484,Sybil,381
3485,Frank,912
3486,Alice,499
3487,Peggy,102
3488,Carol,678
3489,Victor,790
3490,Dave,330
3491,Grace,347
3492,Peggy,975
3493,Dave,994
3494,Sybil,324
3495,Peggy,713
3496,Peggy,37
3497,Olivia,194
3498,Frank,49
3499,Peggy,826
3500,Heidi,231
3501,Olivia,569
3502,Bob,498
3503,Niaj,432
3504,Alice,496
3505,Sybil,848
3506,Ivan,877
3507,Sybil,513
3508,Eve,410
3509,Frank,66
3510,Dave,16
3511,Wendy,55
3512,Eve,206
3513,Olivia,866
3514,Wendy,143
3515,Olivia,160
3516,Carol,451
3517,Grace,554
3518,Judy,530
3519,Niaj,746
3520,Dave,232
3521,Ivan,723
3522,Dave,721
3523,Victor,988
3524,Eve,281
3525,Frank,460
3526,Frank,707
3527,Bob,935
3528,Niaj,341
3529,Frank,83
3530,Dave,311
3531,Judy,253
3532,Alice,504
3533,Dave,120
3534,Carol,54
3535,Frank,752
3536,Frank,375
3537,Frank,148
3538,Niaj,864
3539,Trent,609
3540,Niaj,911
3541,Frank,447
3542,Mallory,148
3543,Wendy,493
3544,Peggy,789
3545,Bob,279
3546,Wendy,543
3547,Sybil,215
3548,Wendy,179
3549,Heidi,444
3550,Dave,757
3551,Victor,662
3552,Eve,72
3553,Peggy,5
3554,Peggy,976
3555,Eve,247
3556,Trent,598
3557,Frank,426
3558,Eve,605
3559,Heidi,200
3560,Judy,687
3561,Alice,520
3562,Trent,263
3563,Frank,520
3564,Ivan,138
3565,Mallory,267
3566,Heidi,562
3567,Judy,188
3568,Alice,329
3569,Ivan,755
3570,Wendy,791
3571,Bob,479
3572,Heidi,281
3573,Peggy,986
3574,Victor,855
3575,Heidi,446
3576,Peggy,163
3577,Dave,365
3578,Peggy,207
3579,Ivan,314
3580,Olivia,699
3581,Trent,963
3582,Grace,658
3583,Wendy,738
3584,Bob,320
3585,Olivia,465
3586,Niaj,232
3587,Frank,80
3588,Sybil,675
3589,Judy,315
3590,Ivan,871
3591,Frank,809
3592,Olivia,434
3593,Heidi,903
3594,Frank,428
3595,Peggy,904
3596,Alice,285
3597,Frank,191
3598,Bob,642
3599,Victor,299
3600,Wendy,222
3601,Frank,822
3602,Eve,558
3603,Niaj,469
3604,Frank,131
3605,Sybil,907
3606,Alice,648
3607,Victor,453
3608,Frank,401
3609,Bob,285
3610,Alice,51
3611,Olivia,474
3612,Wendy,771
3613,Carol,14
3614,Trent,383
3615,Mallory,401
3616,Bob,949
3617,Frank,791
3618,Peggy,754
3619,Frank,570
3620,Judy,977
3621,Alice,904
3622,Judy,960
3623,Peggy,842
3624,Bob,143
3625,Victor,899
3626,Alice,778
3627,Bob,49
3628,Niaj,420
3629,Olivia,597
3630,Trent,697
3631,Bob,687
3632,Mallory,796
3633,Bob,581
3634,Mallory,732
3635,Grace,778
3636,Peggy,836
3637,Grace,365
3638,Trent,769
3639,Victor,750
3640,Grace,333
3641,Mallory,339
3642,Judy,175
3643,Heidi,194
3644,Ivan,190
3645,Grace,320
3646,Bob,325
3647,Heidi,229
3648,Sybil,464
3649,Dave,790
3650,Carol,21
3651,Carol,181
3652,Niaj,720
3653,Dave,69
3654,Dave,164
3655,Niaj,962
3656,Bob,553
3657,Bob,620
3658,Judy,637
3659,Bob,801
3660,Wendy,765
3661,Peggy,735
3662,Wendy,656
3663,Grace,674
3664,Eve,207
3665,Alice,740
3666,Mallory,954
3667,Carol,759
3668,Judy,996
3669,Trent,731
3670,Bob,134
3671,Judy,935
3672,Heidi,280
3673,Victor,593
3674,Dave,712
3675,Olivia,315
3676,Grace,176
3677,Eve,280
3678,Carol,580
3679,Carol,112
3680,Grace,559
3681,Carol,212
3682,Carol,317
3683,Peggy,889
3684,Dave,337
3685,Sybil,611
3686,Ivan,839
3687,Niaj,100
3688,Olivia,373
3689,Olivia,106
3690,Heidi,26
3691,Trent,426
3692,Heidi,753
3693,Victor,626
3694,Grace,241
3695,Grace,469
3696,Dave,929
3697,Sybil,69
3698,Wendy,265
3699,Sybil,737
3700,Mallory,1000
3701,Trent,283
3702,Mallory,342
3703,Victor,806
3704,Sybil,987
3705,Sybil,77
3706,Carol,201
3707,Grace,343
3708,Frank,915
3709,Carol,616
3710,Olivia,570
3711,Dave,207
3712,Peggy,753
3713,Ivan,738
3714,Niaj,17
3715,Alice,965
3716,Dave,101
3717,Victor,228
3718,Bob,454
3719,Heidi,771
3720,Wendy,392
3721,Grace,382
3722,Sybil,946
3723,Judy,895
3724,Frank,909
3725,Dave,445
3726,Dave,315
3727,Victor,736
3728,Niaj,399
3729,Niaj,168
3730,Eve,595
3731,Heidi,906
3732,Eve,74
3733,Heidi,987
3734,Mallory,670
3735,Victor,664
3736,Frank,58
3737,Heidi,758
3738,Carol,333
3739,Judy,308
3740,Frank,628
3741,Heidi,436
3742,Heidi,515
3743,Grace,748
3744,Grace,153
3745,Mallory,466
3746,Mallory,143
3747,Sybil,439
3748,Judy,948
3749,Bob,725
3750,Ivan,279
3751,Carol,154
3752,Judy,984
3753,Victor,607
3754,Bob,768
3755,Trent,391
3756,Mallory,807
3757,Olivia,562
3758,Heidi,414
3759,Bob,410
3760,Dave,928
3761,Bob,687
3762,Dave,818
3763,Eve,757
3764,Trent,193
3765,Alice,18
3766,Frank,718
3767,Frank,658
3768,Wendy,254
3769,Bob,736
3770,Alice,565
3771,Olivia,725
3772,Carol,56
3773,Trent,236
3774,Grace,447
3775,Heidi,543
3776,Ivan,542
3777,Frank,707
3778,Niaj,533
3779,Niaj,519
3780,Eve,108
3781,Heidi,301
3782,Bob,547
3783,Grace,226
3784,Niaj,420
3785,Sybil,100
3786,Grace,288
3787,Olivia,750
3788,Ivan,807
3789,Wendy,380
3790,Eve,294
3791,Carol,428
3792,Carol,469
3793,Victor,464
3794,Victor,16
3795,Heidi,829
3796,Heidi,562
3797,Sybil,828
3798,Judy,644
3799,Peggy,334
3800,Wendy,121
3801,Olivia,569
3802,Niaj,394
3803,Grace,625
3804,Peggy,929
3805,Wendy,88
3806,Peggy,250
3807,Heidi,899
3808,Grace,105
3809,Bob,543
3810,Trent,150
3811,Niaj,573
3812,Victor,393
3813,Alice,656
3814,Olivia,188
3815,Peggy,143
3816,Olivia,87
3817,Bob,112
3818,Peggy,657
3819,Trent,231
3820,Victor,512
3821,Niaj,783
3822,Bob,360
3823,Eve,392
3824,Olivia,612
3825,Sybil,709
3826,Sybil,429
3827,Carol,917
3828,Judy,310
3829,Heidi,547
3830,Mallory,634
3831,Carol,852
3832,Victor,895
3833,Ivan,945
3834,Carol,952
3835,Judy,438
3836,Olivia,408
3837,Alice,292
3838,Wendy,86
3839,Eve,738
3840,Trent,737
3841,Victor,231
3842,Dave,765
3843,Dave,825
3844,Niaj,941
3845,Heidi,279
3846,Frank,827
3847,Frank,610
3848,Dave,897
3849,Alice,156
3850,Niaj,881
3851,Frank,24
3852,Heidi,778
3853,Niaj,625
3854,Alice,522
3855,Trent,820
3856,Peggy,240
3857,Dave,942
3858,Bob,95
3859,Niaj,807
3860,Grace,656
3861,Judy,830
3862,Niaj,147
3863,Ivan,344
3864,Olivia,915
3865,Heidi,306
3866,Heidi,35
3867,Victor,314
3868,Olivia,300
3869,Grace,171
3870,Eve,495
3871,Carol,850
3872,Olivia,406
3873,Dave,358
3874,Niaj,368
3875,Heidi,429
3876,Niaj,170
3877,Frank,772
3878,Ivan,828
3879,Wendy,876
3880,Dave,687
3881,Sybil,502
3882,Frank,139
3883,Peggy,851
3884,Sybil,942
3885,Ivan,285
3886,Victor,939
3887,Grace,958
3888,Peggy,16
3889,Eve,971
3890,Judy,795
3891,Mallory,243
3892,Bob,411
3893,Mallory,780
3894,Dave,874
3895,Sybil,578
3896,Peggy,773
3897,Frank,928
3898,Victor,277
3899,Mallory,75
3900,Dave,480
3901,Sybil,852
3902,Trent,612
3903,Frank,583
3904,Victor,776
3905,Heidi,415
3906,Alice,868
3907,Niaj,846
3908,Grace,516
3909,Niaj,444
3910,Bob,217
3911,Trent,527
3912,Wendy,955
3913,Trent,854
3914,Olivia,617
3915,Heidi,894
3916,Heidi,2
3917,Alice,410
3918,Mallory,244
3919,Trent,858
3920,Frank,709
3921,Dave,300
3922,Heidi,356
3923,Victor,338
3924,Heidi,581
3925,Bob,54
3926,Victor,589
3927,Sybil,120
3928,Heidi,179
3929,Peggy,869
3930,Victor,492
3931,Carol,55
3932,Mallory,334
3933,Grace,256
3934,Mallory,548
3935,Judy,928
3936,Ivan,109
3937,Judy,195
3938,Alice,954
3939,Carol,963
3940,Grace,516
3941,Judy,197
3942,Frank,258
3943,Alice,28
3944,Bob,339
3945,Olivia,801
3946,Sybil,424
3947,Wendy,921
3948,Frank,717
3949,Peggy,117
3950,Peggy,948
3951,Eve,976
3952,Peggy,855
3953,Niaj,815
3954,Frank,453
3955,Trent,738
3956,Peggy,736
3957,Mallory,236
3958,Peggy,131
3959,Ivan,191
3960,Trent,542
3961,Alice,985
3962,Olivia,25
3963,Wendy,817
3964,Sybil,395
3965,Alice,812
3966,Victor,80
3967,Sybil,593
3968,Bob,903
3969,Victor,471
3970,Grace,870
3971,Dave,560
3972,Trent,441
3973,Eve,27
3974,Peggy,373
3975,Ivan,908
3976,Wendy,848
3977,Mallory,806
3978,Judy,361
3979,Grace,60
3980,Niaj,393
3981,Alice,36
3982,Sybil,607
3983,Bob,14
3984,Ivan,59
3985,Niaj,324
3986,Ivan,342
3987,Heidi,597
3988,Eve,642
3989,Mallory,290
3990,Peggy,374
3991,Judy,963
3992,Sybil,846
3993,Wendy,959
3994,Judy,490
3995,Heidi,596
3996,Trent,878
3997,Alice,215
3998,Judy,328
3999,Eve,712
4000,Victor,585
4001,Carol,647
4002,Mallory,376
4003,Eve,641
4004,Niaj,205
4005,Alice,560
4006,Peggy,643
4007,Judy,720
4008,Trent,641
4009,Niaj,574
4010,Bob,876
4011,Wendy,387
4012,Olivia,625
4013,Frank,946
4014,Carol,476
4015,Judy,955
4016,Carol,492
4017,Sybil,982
4018,Ivan,129
4019,Niaj,876
4020,Eve,119
4021,Grace,503
4022,Sybil,454
4023,Heidi,104
4024,Ivan,209
4025,Heidi,323
4026,Carol,93
4027,Peggy,548
4028,Heidi,1000
4029,Frank,334
4030,Heidi,96
4031,Heidi,838
4032,Judy,644
4033,Ivan,702
4034,Trent,260
4035,Trent,753
4036,Ivan,850
4037,Trent,845
4038,Frank,707
4039,Trent,815
4040,Dave,468
4041,Bob,26
4042,Judy,169
4043,Ivan,90
4044,Eve,601
4045,Olivia,123
4046,Frank,144
4047,Bob,734
4048,Grace,305
4049,Victor,26
4050,Dave,895
4051,Mallory,119
4052,Mallory,149
4053,Niaj,299
4054,Ivan,700
4055,Grace,341
4056,Carol,139
4057,Mallory,99
4058,Trent,209
4059,Ivan,812
4060,Niaj,899
4061,Dave,132
4062,Sybil,76
4063,Eve,128
4064,Alice,22
4065,Eve,810
4066,Carol,733
4067,Mallory,310
4068,Olivia,581
4069,Alice,53
4070,Heidi,239
4071,Grace,659
4072,Sybil,252
4073,Victor,832
4074,Judy,281
4075,Grace,6
4076,Alice,513
4077,Eve,831
4078,Bob,43
4079,Heidi,534
4080,Heidi,180
4081,Alice,267
4082,Judy,95
4083,Grace,656
4084,Judy,462
4085,Olivia,808
4086,Sybil,270
4087,Wendy,928
4088,Heidi,904
4089,Dave,96
4090,Grace,933
4091,Peggy,962
4092,Victor,636
4093,Sybil,437
4094,Frank,959
4095,Peggy,340
4096,Sybil,73
4097,Heidi,171
4098,Trent,255
4099,Mallory,118
4100,Grace,931
4101,Bob,102
4102,Peggy,568
4103,Trent,678
4104,Carol,384
4105,Carol,523
4106,Sybil,568
4107,Olivia,251
4108,Peggy,365
4109,Judy,326
4110,Sybil,574
4111,Alice,21
4112,Carol,196
4113,Judy,316
4114,Bob,125
4115,Peggy,968
4116,Alice,979
4117,Dave,161
4118,Wendy,523
4119,Eve,710
4120,Trent,293
4121,Dave,701
4122,Judy,178
4123,Carol,231
4124,Olivia,978
4125,Niaj,846
4126,Wendy,188
4127,Frank,670
4128,Judy,85
4129,Frank,847
4130,Frank,128
4131,Ivan,571
4132,Olivia,737
4133,Olivia,788
4134,Victor,394
4135,Niaj,722
4136,Alice,62
4137,Heidi,480
4138,Bob,309
4139,Heidi,646
4140,Bob,659
4141,Heidi,298
4142,Sybil,418
4143,Grace,936
4144,Peggy,739
4145,Carol,964
4146,Heidi,649
4147,Niaj,976
4148,Bob,814
4149,Alice,994
4150,Ivan,986
4151,Heidi,563
4152,Ivan,621
4153,Mallory,333
4154,Frank,448
4155,Carol,432
4156,Alice,197
4157,Judy,312
4158,Trent,377
4159,Frank,477
4160,Victor,425
4161,Alice,902
4162,Bob,757
4163,Alice,283
4164,Mallory,595
4165,Niaj,905
4166,Sybil,398
4167,Peggy,201
4168,Olivia,373
4169,Sybil,67
4170,Mallory,30
4171,Eve,652
4172,Judy,586
4173,Grace,949
4174,Carol,488
4175,Peggy,158
4176,Mallory,57
4177,Trent,145
4178,Wendy,230
4179,Peggy,939
4180,Olivia,819
4181,Olivia,277
4182,Bob,444
4183,Mallory,985
4184,Sybil,174
4185,Carol,106
4186,Grace,634
4187,Dave,499
4188,Olivia,629
4189,Eve,130
4190,Ivan,956
4191,Grace,3
4192,Carol,120
4193,Dave,192
4194,Victor,608
4195,Grace,172
4196,Judy,544
4197,Victor,674
4198,Wendy,364
4199,Victor,398
4200,Carol,856
4201,Frank,105
4202,Victor,463
4203,Niaj,944
4204,Bob,838
4205,Niaj,415
4206,Frank,299
4207,Alice,973
4208,Eve,255
4209,Heidi,326
4210,Dave,82
4211,Olivia,182
4212,Mallory,586
4213,Mallory,902
4214,Peggy,466
4215,Grace,183
4216,Grace,524
4217,Alice,662
4218,Judy,130
4219,Judy,129
4220,Victor,385
4221,Frank,957
4222,Wendy,971
4223,Grace,13
4224,Frank,68
4225,Heidi,12
4226,Alice,474
4227,Mallory,947
4228,Frank,850
4229,Victor,462
4230,Judy,424
4231,Olivia,774
4232,Wendy,350
4233,Frank,890
4234,Sybil,881
4235,Judy,699
4236,Olivia,996
4237,Alice,682
4238,Sybil,39
4239,Victor,894
4240,Dave,769
4241,Ivan,678
4242,Mallory,850
4243,Grace,994
4244,Eve,195
4245,Niaj,326
4246,Frank,784
4247,Bob,325
4248,Ivan,62
4249,Niaj,574
4250,Alice,274
4251,Grace,339
4252,Wendy,105
4253,Dave,803
4254,Mallory,876
4255,Olivia,16
4256,Peggy,899
4257,Sybil,711
4258,Wendy,958
4259,Alice,587
4260,Judy,343
4261,Victor,418
4262,Heidi,158
4263,Wendy,890
4264,Alice,812
4265,Peggy,756
4266,Judy,757
4267,Niaj,344
4268,Mallory,245
4269,Frank,210
4270,Wendy,147
4271,Heidi,251
4272,Judy,551
4273,Eve,204
4274,Mallory,307
4275,Peggy,568
4276,Victor,125
4277,Sybil,255
4278,Niaj,933
4279,Ivan,407
4280,Niaj,394
4281,Peggy,68
4282,Wendy,180
4283,Heidi,761
4284,Judy,430
4285,Grace,900
4286,Mallory,704
4287,Frank,269
4288,Heidi,106
4289,Ivan,177
4290,Eve,672
4291,Mallory,503
4292,Victor,436
4293,Ivan,78
4294,Olivia,930
4295,Wendy,469
4296,Bob,745
4297,Olivia,946
4298,Wendy,528
4299,Alice,395
4300,Heidi,373
4301,Grace,478
4302,Wendy,456
4303,Grace,336
4304,Frank,2
4305,Bob,556
4306,Alice,766
4307,Frank,859
4308,Frank,538
4309,Carol,870
4310,Judy,472
4311,Alice,405
4312,Carol,189
4313,Heidi,52
4314,Grace,892
4315,Bob,766
4316,Heidi,345
4317,Niaj,618
4318,Ivan,165
4319,Grace,772
4320,Bob,389
4321,Dave,941
4322,Eve,842
4323,Peggy,922
4324,Peggy,102
4325,Peggy,445
4326,Trent,887
4327,Trent,328
4328,Alice,910
4329,Dave,587
4330,Victor,252
4331,Mallory,873
4332,Bob,997
4333,Alice,337
4334,Trent,852
4335,Victor,86
4336,Judy,849
4337,Judy,101
4338,Judy,957
4339,Alice,56
4340,Heidi,168
4341,Alice,564
4342,Heidi,164
4343,Alice,715
4344,Trent,602
4345,Heidi,76
4346,Ivan,850
4347,Heidi,691
4348,Eve,807
4349,Frank,280
4350,Trent,995
4351,Mallory,894
4352,Mallory,956
4353,Alice,359
4354,Judy,488
4355,Olivia,749
4356,Victor,935
4357,Bob,416
4358,Judy,210
4359,Judy,836
4360,Wendy,918
4361,Wendy,970
4362,Bob,93
4363,Victor,105
4364,Carol,291
4365,Judy,68
4366,Sybil,315
4367,Carol,771
4368,Dave,697
4369,Dave,81
4370,Bob,496
4371,Heidi,892
4372,Frank,961
4373,Niaj,365
4374,Eve,544
4375,Carol,154
4376,Heidi,450
4377,Sybil,418
4378,Frank,824
4379,Grace,963
4380,Mallory,688
4381,Judy,966
4382,Sybil,685
4383,Peggy,422
4384,Grace,388
4385,Ivan,62
4386,Niaj,367
4387,Heidi,443
4388,Bob,824
4389,Wendy,85
4390,Peggy,907
4391,Victor,326
4392,Wendy,58
4393,Judy,135
4394,Bob,861
4395,Mallory,544
4396,Heidi,858
4397,Eve,758
4398,Frank,243
4399,Wendy,541
4400,Dave,515
4401,Victor,431
4402,Bob,157
4403,Mallory,303
4404,Eve,513
4405,Carol,1
4406,Ivan,984
4407,Mallory,654
4408,Alice,718
4409,Dave,611
4410,Grace,142
4411,Mallory,661
4412,Heidi,491
4413,Peggy,582
4414,Heidi,730
4415,Ivan,970
4416,Eve,858
4417,Dave,449
4418,Trent,99
4419,Trent,740
4420,Alice,377
4421,Dave,384
4422,Mallory,797
4423,Sybil,352
4424,Grace,191
4425,Bob,322
4426,Grace,471
4427,Eve,830
4428,Carol,414
4429,Carol,707
4430,Ivan,871
4431,Judy,849
4432,Heidi,212
4433,Ivan,367
4434,Niaj,942
4435,Mallory,377
4436,Dave,678
4437,Olivia,748
4438,Peggy,732
4439,Frank,129
4440,Carol,356
4441,Eve,227
4442,Alice,633
4443,Victor,993
4444,Frank,548
4445,Victor,234
4446,Carol,875
4447,Peggy,210
4448,Sybil,657
4449,Sybil,582
4450,Heidi,564
4451,Wendy,795
4452,Ivan,268
4453,Sybil,671
4454,Eve,116
4455,Peggy,946
4456,Wendy,426
4457,Alice,565
4458,Wendy,227
4459,Bob,933
4460,Niaj,315
4461,Dave,413
4462,Ivan,946
4463,Sybil,266
4464,Peggy,25
4465,Olivia,18
4466,Sybil,657
4467,Victor,353
4468,Dave,581
4469,Bob,260
4470,Grace,353
4471,Alice,648
4472,Peggy,126
4473,Ivan,149
4474,Carol,295
4475,Judy,179
4476,Dave,510
4477,Ivan,551
4478,Olivia,975
4479,Heidi,889
4480,Bob,758
4481,Wendy,564
4482,Grace,688
4483,Grace,704
4484,Olivia,357
4485,Frank,346
4486,Carol,31
4487,Alice,974
4488,Victor,236
4489,Peggy,828
4490,Peggy,478
4491,Peggy,444
4492,Mallory,142
4493,Trent,858
4494,Grace,946
4495,Eve,548
4496,Carol,69
4497,Sybil,747
4498,Sybil,564
4499,Wendy,286
4500,Carol,164
4501,Eve,819
4502,Sybil,562
4503,Frank,220
4504,Heidi,346
4505,Alice,796
4506,Ivan,941
4507,Dave,255
4508,Carol,440
4509,Dave,426
4510,Mallory,720
4511,Trent,389
4512,Trent,64
4513,Niaj,117
4514,Eve,352
4515,Grace,629
4516,Niaj,730
4517,Carol,19
4518,Niaj,613
4519,Wendy,752
4520,Grace,708
4521,Frank,594
4522,Ivan,427
4523,Eve,457
4524,Heidi,50
4525,Dave,443
4526,Wendy,791
4527,Heidi,41
4528,Heidi,253
4529,Alice,421
4530,Peggy,708
4531,Carol,324
4532,Bob,569
4533,Peggy,805
4534,Judy,615
4535,Dave,63
4536,Wendy,957
4537,Dave,895
4538,Ivan,71
4539,Bob,920
4540,Mallory,762
4541,Eve,246
4542,Wendy,418
4543,Alice,370
4544,Trent,400
4545,Bob,818
4546,Frank,501
4547,Olivia,507
4548,Wendy,300
4549,Wendy,112
4550,Trent,161
4551,Eve,800
4552,Grace,759
4553,Mallory,485
4554,Heidi,785
4555,Dave,37
4556,Frank,640
4557,Wendy,94
4558,Olivia,785
4559,Judy,533
4560,Mallory,654
4561,Sybil,678
4562,Victor,813
4563,Carol,860
4564,Dave,786
4565,Victor,728
4566,Carol,320
4567,Bob,76
4568,Peggy,912
4569,Frank,801
4570,Peggy,412
4571,Ivan,315
4572,Niaj,267
4573,Olivia,735
4574,Olivia,909
4575,Frank,492
4576,Judy,905
4577,Victor,954
4578,Frank,498
4579,Judy,355
4580,Peggy,129
4581,Carol,242
4582,Dave,151
4583,Victor,506
4584,Sybil,506
4585,Wendy,547
4586,Wendy,788
4587,Carol,513
4588,Victor,815
4589,Dave,375
4590,Heidi,247
4591,Frank,362
4592,Eve,6
4593,Mallory,951
4594,Heidi,609
4595,Peggy,583
4596,Peggy,471
4597,Judy,812
4598,Olivia,436
4599,Alice,319
4600,Frank,565
4601,Victor,430
4602,Dave,91
4603,Grace,263
4604,Wendy,37
4605,Trent,572
4606,Olivia,599
4607,Niaj,71
4608,Peggy,107
4609,Heidi,631
4610,Carol,123
4611,Judy,542
4612,Trent,396
4613,Ivan,304
4614,Eve,19
4615,Dave,69
4616,Bob,46
4617,Carol,205
4618,Niaj,116
4619,Niaj,322
4620,Heidi,201
4621,Grace,303
4622,Eve,380
4623,Peggy,964
4624,Eve,477
4625,Mallory,770
4626,Judy,560
4627,Heidi,245
4628,Judy,308
4629,Victor,216
4630,Grace,337
4631,Alice,644
4632,Wendy,978
4633,Heidi,205
4634,Carol,403
4635,Frank,931
4636,Bob,17
4637,Olivia,611
4638,Bob,368
4639,Judy,183
4640,Eve,722
4641,Judy,215
4642,Victor,168
4643,Heidi,402
4644,Sybil,703
4645,Victor,42
4646,Victor,376
4647,Peggy,556
4648,Bob,663
4649,Ivan,666
4650,Frank,227
4651,Alice,853
4652,Judy,809
4653,Grace,410
4654,Mallory,611
4655,Trent,594
4656,Mallory,854
4657,Heidi,803
4658,Wendy,410
4659,Frank,171
4660,Trent,44
4661,Wendy,238
4662,Bob,371
4663,Grace,673
4664,Niaj,360
4665,Grace,117
4666,Grace,81
4667,Trent,763
4668,Dave,624
4669,Olivia,105
4670,Dave,274
4671,Victor,974
4672,Bob,180
4673,Wendy,610
4674,Heidi,371
4675,Heidi,447
4676,Sybil,979
4677,Olivia,89
4678,Heidi,2
4679,Olivia,361
4680,Peggy,799
4681,Sybil,885
4682,Dave,318
4683,Trent,13
4684,Victor,184
4685,Eve,767
4686,Grace,919
4687,Niaj,338
4688,Carol,329
4689,Trent,149
4690,Dave,296
4691,Frank,580
4692,Bob,168
4693,Eve,900
4694,Niaj,237
4695,Peggy,725
4696,Heidi,839
4697,Bob,145
4698,Wendy,959
4699,Heidi,429
4700,Trent,836
4701,Grace,496
4702,Sybil,204
4703,Olivia,247
4704,Victor,309
4705,Eve,761
4706,Niaj,483
4707,Niaj,325
4708,Trent,399
4709,Judy,888
4710,Dave,507
4711,Mallory,910
4712,Olivia,366
4713,Eve,419
4714,Niaj,376
4715,Judy,426
4716,Judy,242
4717,Olivia,652
4718,Heidi,135
4719,Ivan,877
4720,Peggy,287
4721,Carol,33
4722,Bob,975
4723,Mallory,295
4724,Mallory,543
4725,Ivan,595
4726,Mallory,312
4727,Dave,38
4728,Mallory,543
4729,Bob,525
4730,Carol,550
4731,Heidi,744
4732,Dave,989
4733,Trent,396
4734,Eve,412
4735,Sybil,695
4736,Mallory,470
4737,Peggy,829
4738,Heidi,676
4739,Trent,788
4740,Ivan,437
4741,Niaj,231
4742,Victor,172
4743,Grace,654
4744,Sybil,696
4745,Eve,750
4746,Niaj,808
4747,Grace,589
4748,Sybil,368
4749,Frank,330
4750,Olivia,150
4751,Trent,246
4752,Alice,881
4753,Sybil,685
4754,Dave,64
4755,Niaj,323
4756,Heidi,284
4757,Carol,255
4758,Frank,291
4759,Mallory,417
4760,Olivia,412
4761,Victor,299
4762,Victor,485
4763,Carol,405
4764,Frank,404
4765,Heidi,825
4766,Heidi,136
4767,Peggy,376
4768,Trent,553
4769,Carol,914
4770,Judy,352
4771,Grace,488
4772,Victor,148
4773,Wendy,619
4774,Eve,882
4775,Carol,839
4776,Olivia,392
4777,Bob,762
4778,Peggy,547
4779,Eve,645
4780,Frank,362
4781,Mallory,536
4782,Ivan,122
4783,Judy,548
4784,Bob,577
4785,Wendy,391
4786,Grace,825
4787,Sybil,571
4788,Dave,846
4789,Niaj,96
4790,Eve,444
4791,Wendy,119
4792,Olivia,940
4793,Dave,739
4794,Olivia,114
4795,Niaj,370
4796,Judy,7
4797,Frank,254
4798,Alice,922
4799,Frank,849
4800,Mallory,550
4801,Frank,419
4802,Carol,282
4803,Peggy,927
4804,Mallory,453
4805,Ivan,206
4806,Bob,311
4807,Bob,451
4808,Bob,214
4809,Victor,962
4810,Frank,64
4811,Trent,358
4812,Olivia,997
4813,Ivan,906
4814,Judy,808
4815,Grace,359
4816,Victor,838
4817,Victor,745
4818,Judy,837
4819,Grace,774
4820,Victor,128
4821,Sybil,794
4822,Trent,451
4823,Alice,348
4824,Dave,375
4825,Olivia,861
4826,Heidi,549
4827,Mallory,949
4828,Bob,904
4829,Carol,863
4830,Peggy,321
4831,Frank,670
4832,Peggy,198
4833,Trent,718
4834,Mallory,206
4835,Ivan,610
4836,Ivan,779
4837,Ivan,651
4838,Dave,528
4839,Sybil,320
4840,Alice,13
4841,Carol,930
4842,Heidi,912
4843,Trent,530
4844,Alice,707
4845,Eve,21
4846,Bob,511
4847,Ivan,501
4848,Bob,159
4849,Niaj,8
4850,Niaj,601
4851,Frank,945
4852,Peggy,480
4853,Olivia,132
4854,Dave,381
4855,Heidi,486
4856,Carol,834
4857,Judy,612
4858,Wendy,773
4859,Judy,787
4860,Victor,462
4861,Dave,416
4862,Bob,160
4863,Eve,319
4864,Niaj,150
4865,Frank,32
4866,Trent,145
4867,Carol,413
4868,Eve,885
4869,Mallory,653
4870,Grace,330
4871,Grace,95
4872,Mallory,235
4873,Heidi,592
4874,Mallory,327
4875,Olivia,794
4876,Alice,303
4877,Trent,333
4878,Sybil,147
4879,Mallory,114
4880,Carol,864
4881,Bob,777
4882,Eve,936
4883,Wendy,693
4884,Grace,639
4885,Ivan,380
4886,Olivia,556
4887,Sybil,111
4888,Olivia,945
4889,Eve,897
4890,Sybil,802
4891,Peggy,272
4892,Wendy,945
4893,Niaj,431
4894,Grace,465
4895,Olivia,487
4896,Olivia,29
4897,Heidi,151
4898,Sybil,746
4899,Eve,987
4900,Heidi,872
4901,Judy,692
4902,Eve,690
4903,Wendy,265
4904,Wendy,111
4905,Olivia,32
4906,Ivan,60
4907,Alice,80
4908,Sybil,503
4909,Olivia,170
4910,Olivia,12
4911,Victor,122
4912,Bob,184
4913,Mallory,636
4914,Ivan,877
4915,Olivia,651
4916,Alice,666
4917,Judy,360
4918,Dave,937
4919,Alice,198
4920,Olivia,267
4921,Eve,737
4922,Judy,4
4923,Judy,279
4924,Carol,561
4925,Alice,765
4926,Eve,16
4927,Dave,843
4928,Olivia,821
4929,Olivia,376
4930,Olivia,392
4931,Mallory,239
4932,Victor,826
4933,Heidi,496
4934,Bob,268
4935,Ivan,673
4936,Bob,973
4937,Judy,998
4938,Wendy,937
4939,Sybil,543
4940,Heidi,66
4941,Eve,576
4942,Mallory,738
4943,Sybil,19
4944,Wendy,552
4945,Judy,526
4946,Victor,739
4947,Victor,244
4948,Sybil,926
4949,Niaj,385
4950,Niaj,988
4951,Trent,62
4952,Judy,79
4953,Eve,889
4954,Niaj,888
4955,Victor,494
4956,Carol,906
4957,Olivia,492
4958,Olivia,117
4959,Mallory,922
4960,Sybil,264
4961,Niaj,369
4962,Olivia,278
4963,Heidi,305
4964,Mallory,143
4965,Sybil,80
4966,Victor,260
4967,Niaj,261
4968,Ivan,991
4969,Wendy,214
4970,Trent,733
4971,Heidi,310
4972,Frank,204
4973,Wendy,168
4974,Judy,579
4975,Eve,85
4976,Dave,291
4977,Sybil,484
4978,Peggy,777
4979,Mallory,595
4980,Victor,164
4981,Peggy,222
4982,Grace,77
4983,Dave,228
4984,Niaj,640
4985,Alice,633
4986,Ivan,416
4987,Peggy,984
4988,Niaj,848
4989,Judy,783
4990,Heidi,701
4991,Ivan,561
4992,Judy,786
4993,Peggy,592
4994,Grace,178
4995,Grace,743
4996,Eve,644
4997,Alice,502
4998,Heidi,228
4999,Bob,929
5000,Bob,274
